2025-12-02 18:12:05,056 - INFO - ... بدء عملية النشر ...
2025-12-02 18:12:05,057 - INFO - 📖 النشر للصورة رقم: 1
2025-12-02 18:12:05,058 - INFO - 📝 التعليق (جزء): ورد القرآن اليومي، صفحة 1

'قال خباب بن الأرت رضي ...
2025-12-02 18:12:26,065 - INFO - رد API: {'id': '122149032842944652', 'post_id': '770184126170284_122149032860944652'}
2025-12-02 18:12:26,066 - INFO - ✅ نشر ناجح! https://facebook.com/770184126170284_122149032860944652
2025-12-02 19:33:55,854 - INFO - ... بدء عملية النشر ...
2025-12-02 19:33:55,855 - ERROR - الصورة غير موجودة: static\images\page_2.png
                                                       static\images\page_2.jpg2025-12-02 19:36:43,203 - INFO - ... بدء عملية النشر ...
2025-12-02 19:36:43,204 - INFO - 📖 النشر للصورة رقم: 2
2025-12-02 19:36:43,204 - INFO - 📝 التعليق (جزء): ورد القرآن اليومي، صفحة 2

'اللهم اجعلنا من أهل ال...
2025-12-02 19:36:48,826 - INFO - رد API: {'id': '122149045442944652', 'post_id': '770184126170284_122149045466944652'}
2025-12-02 19:36:48,827 - INFO - ✅ نشر ناجح! https://facebook.com/770184126170284_122149045466944652
2025-12-03 19:22:43,549 - INFO - ... بدء عملية النشر ...
2025-12-03 19:22:43,553 - INFO - 📖 النشر للصورة رقم: 3
2025-12-03 19:22:43,554 - INFO - 📝 التعليق (جزء): ورد القرآن اليومي، صفحة 3

'﴿إِنَّ هَٰذَا الْقُرْآ...
2025-12-03 19:22:49,293 - INFO - رد API: {'id': '122149233506944652', 'post_id': '770184126170284_122149233530944652'}
2025-12-03 19:22:49,295 - INFO - ✅ نشر ناجح! https://facebook.com/770184126170284_122149233530944652
2025-12-04 13:35:25,910 - INFO - ... بدء عملية النشر ...
2025-12-04 13:35:25,910 - INFO - 📖 النشر للصورة رقم: 4
2025-12-04 13:35:25,910 - INFO - 📝 التعليق (جزء): ورد القرآن اليومي، صفحة 4

'قال عبد الله بن مسعود ...
2025-12-04 13:35:34,264 - INFO - رد API: {'id': '122149384052944652', 'post_id': '770184126170284_122149384082944652'}
2025-12-04 13:35:34,265 - INFO - ✅ نشر ناجح! https://facebook.com/770184126170284_122149384082944652
2025-12-04 16:38:37,108 - INFO - ... بدء عملية النشر ...
2025-12-04 16:38:37,109 - ERROR - الصورة غير موجودة: static/images/page_5.jpg
2025-12-04 18:18:05,441 - INFO - ... بدء عملية النشر ...
2025-12-04 18:18:05,442 - ERROR - الصورة غير موجودة: static/images/page_5.jpg
2025-12-05 11:20:37,012 - INFO - ... بدء عملية النشر ...
2025-12-05 11:20:37,012 - ERROR - الصورة غير موجودة: static/images/page_5.jpg
2025-12-05 16:35:13,697 - INFO - ... بدء عملية النشر ...
2025-12-05 16:35:13,698 - ERROR - الصورة غير موجودة: static/images/page_5.jpg
2025-12-05 18:14:52,108 - INFO - ... بدء عملية النشر ...
2025-12-05 18:14:52,108 - ERROR - الصورة غير موجودة: static/images/page_5.jpg
2025-12-06 10:22:13,481 - INFO - ... بدء عملية النشر ...
2025-12-06 10:22:13,481 - INFO - 📖 النشر للصورة رقم: 5
2025-12-06 10:22:13,481 - INFO - 📝 التعليق (جزء): ورد القرآن اليومي، صفحة 5

'﴿اللَّهُ نَزَّلَ أَحْس...
2025-12-06 10:22:16,693 - INFO - رد API: {'id': '122149752992944652', 'post_id': '770184126170284_122149753016944652'}
2025-12-06 10:22:16,694 - INFO - ✅ نشر ناجح! https://facebook.com/770184126170284_122149753016944652
2025-12-06 11:16:58,576 - INFO - ... بدء عملية النشر ...
2025-12-06 11:16:58,577 - INFO - 📖 النشر للصورة رقم: 6
2025-12-06 11:16:58,577 - INFO - 📝 التعليق (جزء): ورد القرآن اليومي، صفحة 6

'قال عثمان بن عفان رضي ...
2025-12-06 11:17:01,967 - INFO - رد API: {'id': '122149760414944652', 'post_id': '770184126170284_122149760456944652'}
2025-12-06 11:17:01,967 - INFO - ✅ نشر ناجح! https://facebook.com/770184126170284_122149760456944652
2025-12-06 16:31:12,675 - INFO - ... بدء عملية النشر ...
2025-12-06 16:31:12,676 - INFO - 📖 النشر للصورة رقم: 7
2025-12-06 16:31:12,676 - INFO - 📝 التعليق (جزء): ورد القرآن اليومي، صفحة 7

'﴿لَوْ أَنزَلْنَا هَٰذَ...
2025-12-06 16:31:18,553 - INFO - رد API: {'id': '122149804076944652', 'post_id': '770184126170284_122149804100944652'}
2025-12-06 16:31:18,554 - INFO - ✅ نشر ناجح! https://facebook.com/770184126170284_122149804100944652
2025-12-06 18:14:27,165 - INFO - ... بدء عملية النشر ...
2025-12-06 18:14:27,165 - INFO - 📖 النشر للصورة رقم: 8
2025-12-06 18:14:27,165 - INFO - 📝 التعليق (جزء): ورد القرآن اليومي، صفحة 8

'﴿إِنَّ هَٰذَا الْقُرْآ...
2025-12-06 18:14:31,640 - INFO - رد API: {'id': '122149816544944652', 'post_id': '770184126170284_122149816568944652'}
2025-12-06 18:14:31,640 - INFO - ✅ نشر ناجح! https://facebook.com/770184126170284_122149816568944652
2025-12-07 11:16:45,253 - INFO - ... بدء عملية النشر ...
2025-12-07 11:16:45,254 - INFO - 📖 النشر للصورة رقم: 9
2025-12-07 11:16:45,254 - INFO - 📝 التعليق (جزء): ورد القرآن اليومي، صفحة 9

'قال خباب بن الأرت رضي ...
2025-12-07 11:16:48,714 - INFO - رد API: {'id': '122149943564944652', 'post_id': '770184126170284_122149943588944652'}
2025-12-07 11:16:48,714 - INFO - ✅ نشر ناجح! https://facebook.com/770184126170284_122149943588944652
2025-12-07 16:30:30,348 - INFO - ... بدء عملية النشر ...
2025-12-07 16:30:30,349 - INFO - 📖 النشر للصورة رقم: 10
2025-12-07 16:30:30,349 - INFO - 📝 التعليق (جزء): ورد القرآن اليومي، صفحة 10

'قال رسول الله ﷺ: «الذ...
2025-12-07 16:30:34,712 - INFO - رد API: {'id': '122149996268944652', 'post_id': '770184126170284_122149996292944652'}
2025-12-07 16:30:34,712 - INFO - ✅ نشر ناجح! https://facebook.com/770184126170284_122149996292944652
2025-12-07 18:14:48,252 - INFO - ... بدء عملية النشر ...
2025-12-07 18:14:48,252 - INFO - 📖 النشر للصورة رقم: 11
2025-12-07 18:14:48,252 - INFO - 📝 التعليق (جزء): ورد القرآن اليومي، صفحة 11

'قال رسول الله ﷺ: «اقر...
2025-12-07 18:14:51,572 - INFO - رد API: {'id': '122150011106944652', 'post_id': '770184126170284_122150011130944652'}
2025-12-07 18:14:51,573 - INFO - ✅ نشر ناجح! https://facebook.com/770184126170284_122150011130944652
2025-12-08 11:20:44,303 - INFO - ... بدء عملية النشر ...
2025-12-08 11:20:44,303 - INFO - 📖 النشر للصورة رقم: 12
2025-12-08 11:20:44,303 - INFO - 📝 التعليق (جزء): ورد القرآن اليومي، صفحة 12

'﴿كِتَابٌ أَنزَلْنَاهُ...
2025-12-08 11:20:53,318 - INFO - رد API: {'id': '122150143568944652', 'post_id': '770184126170284_122150143598944652'}
2025-12-08 11:20:53,318 - INFO - ✅ نشر ناجح! https://facebook.com/770184126170284_122150143598944652
2025-12-08 16:36:57,894 - INFO - ... بدء عملية النشر ...
2025-12-08 16:36:57,894 - INFO - 📖 النشر للصورة رقم: 13
2025-12-08 16:36:57,894 - INFO - 📝 التعليق (جزء): ورد القرآن اليومي، صفحة 13

'قال رسول الله ﷺ: «يقا...
2025-12-08 16:37:01,644 - INFO - رد API: {'id': '122150189720944652', 'post_id': '770184126170284_122150189744944652'}
2025-12-08 16:37:01,645 - INFO - ✅ نشر ناجح! https://facebook.com/770184126170284_122150189744944652
2025-12-08 18:17:50,367 - INFO - ... بدء عملية النشر ...
2025-12-08 18:17:50,367 - INFO - 📖 النشر للصورة رقم: 14
2025-12-08 18:17:50,367 - INFO - 📝 التعليق (جزء): ورد القرآن اليومي، صفحة 14

'﴿وَنُنَزِّلُ مِنَ الْ...
2025-12-08 18:17:54,661 - INFO - رد API: {'id': '122150202164944652', 'post_id': '770184126170284_122150202188944652'}
2025-12-08 18:17:54,662 - INFO - ✅ نشر ناجح! https://facebook.com/770184126170284_122150202188944652
2025-12-09 11:21:04,357 - INFO - ... بدء عملية النشر ...
2025-12-09 11:21:04,357 - INFO - 📖 النشر للصورة رقم: 15
2025-12-09 11:21:04,357 - INFO - 📝 التعليق (جزء): ورد القرآن اليومي، صفحة 15

'اللهم اجعل القرآن الع...
2025-12-09 11:21:07,755 - INFO - رد API: {'id': '122150352296944652', 'post_id': '770184126170284_122150352320944652'}
2025-12-09 11:21:07,756 - INFO - ✅ نشر ناجح! https://facebook.com/770184126170284_122150352320944652
2025-12-09 16:35:36,240 - INFO - ... بدء عملية النشر ...
2025-12-09 16:35:36,240 - INFO - 📖 النشر للصورة رقم: 16
2025-12-09 16:35:36,240 - INFO - 📝 التعليق (جزء): ورد القرآن اليومي، صفحة 16

'قال رسول الله ﷺ: «من ...
2025-12-09 16:35:38,760 - INFO - رد API: {'id': '122150407748944652', 'post_id': '770184126170284_122150407772944652'}
2025-12-09 16:35:38,761 - INFO - ✅ نشر ناجح! https://facebook.com/770184126170284_122150407772944652
2025-12-09 18:15:13,122 - INFO - ... بدء عملية النشر ...
2025-12-09 18:15:13,122 - INFO - 📖 النشر للصورة رقم: 17
2025-12-09 18:15:13,122 - INFO - 📝 التعليق (جزء): ورد القرآن اليومي، صفحة 17

'قال خباب بن الأرت رضي...
2025-12-09 18:15:18,908 - INFO - رد API: {'id': '122150420714944652', 'post_id': '770184126170284_122150420738944652'}
2025-12-09 18:15:18,909 - INFO - ✅ نشر ناجح! https://facebook.com/770184126170284_122150420738944652
2025-12-10 11:20:17,402 - INFO - ... بدء عملية النشر ...
2025-12-10 11:20:17,402 - INFO - 📖 النشر للصورة رقم: 18
2025-12-10 11:20:17,402 - INFO - 📝 التعليق (جزء): ورد القرآن اليومي، صفحة 18

'قال رسول الله ﷺ: «من ...
2025-12-10 11:20:22,054 - INFO - رد API: {'id': '122150582018944652', 'post_id': '770184126170284_122150582042944652'}
2025-12-10 11:20:22,054 - INFO - ✅ نشر ناجح! https://facebook.com/770184126170284_122150582042944652
2025-12-10 16:36:41,388 - INFO - ... بدء عملية النشر ...
2025-12-10 16:36:41,389 - INFO - 📖 النشر للصورة رقم: 19
2025-12-10 16:36:41,389 - INFO - 📝 التعليق (جزء): ورد القرآن اليومي، صفحة 19

'اللهم ألبسنا به الحلل...
2025-12-10 16:36:48,406 - INFO - رد API: {'id': '122150634272944652', 'post_id': '770184126170284_122150634302944652'}
2025-12-10 16:36:48,407 - INFO - ✅ نشر ناجح! https://facebook.com/770184126170284_122150634302944652
2025-12-10 18:18:16,072 - INFO - ... بدء عملية النشر ...
2025-12-10 18:18:16,072 - INFO - 📖 النشر للصورة رقم: 20
2025-12-10 18:18:16,072 - INFO - 📝 التعليق (جزء): ورد القرآن اليومي، صفحة 20

'﴿كِتَابٌ أَنزَلْنَاهُ...
2025-12-10 18:18:24,161 - INFO - رد API: {'id': '122150650658944652', 'post_id': '770184126170284_122150650694944652'}
2025-12-10 18:18:24,162 - INFO - ✅ نشر ناجح! https://facebook.com/770184126170284_122150650694944652
2025-12-11 11:20:52,654 - INFO - ... بدء عملية النشر ...
2025-12-11 11:20:52,655 - INFO - 📖 النشر للصورة رقم: 21
2025-12-11 11:20:52,655 - INFO - 📝 التعليق (جزء): ورد القرآن اليومي، صفحة 21

'﴿لَوْ أَنزَلْنَا هَٰذ...
2025-12-11 11:20:59,682 - INFO - رد API: {'id': '122150783402944652', 'post_id': '770184126170284_122150783438944652'}
2025-12-11 11:20:59,683 - INFO - ✅ نشر ناجح! https://facebook.com/770184126170284_122150783438944652
2025-12-11 18:16:21,555 - INFO - ... بدء عملية النشر ...
2025-12-11 18:16:21,555 - INFO - 📖 النشر للصورة رقم: 22
2025-12-11 18:16:21,555 - INFO - 📝 التعليق (جزء): ورد القرآن اليومي، صفحة 22

'﴿كِتَابٌ أَنزَلْنَاهُ...
2025-12-11 18:16:25,475 - INFO - رد API: {'id': '122150849198944652', 'post_id': '770184126170284_122150849222944652'}
2025-12-11 18:16:25,476 - INFO - ✅ نشر ناجح! https://facebook.com/770184126170284_122150849222944652
2025-12-12 11:21:43,164 - INFO - ... بدء عملية النشر ...
2025-12-12 11:21:43,165 - INFO - 📖 النشر للصورة رقم: 23
2025-12-12 11:21:43,165 - INFO - 📝 التعليق (جزء): ورد القرآن اليومي، صفحة 23

'اللهم شفع فينا القرآن...
2025-12-12 11:21:51,558 - INFO - رد API: {'id': '122150997818944652', 'post_id': '770184126170284_122150997842944652'}
2025-12-12 11:21:51,559 - INFO - ✅ نشر ناجح! https://facebook.com/770184126170284_122150997842944652
2025-12-12 18:17:54,589 - INFO - ... بدء عملية النشر ...
2025-12-12 18:17:54,590 - INFO - 📖 النشر للصورة رقم: 24
2025-12-12 18:17:54,590 - INFO - 📝 التعليق (جزء): ورد القرآن اليومي، صفحة 24

'قال رسول الله ﷺ: «اقر...
2025-12-12 18:17:59,183 - INFO - رد API: {'id': '122151069746944652', 'post_id': '770184126170284_122151069776944652'}
2025-12-12 18:17:59,183 - INFO - ✅ نشر ناجح! https://facebook.com/770184126170284_122151069776944652
2025-12-13 11:17:26,548 - INFO - ... بدء عملية النشر ...
2025-12-13 11:17:26,548 - INFO - 📖 النشر للصورة رقم: 25
2025-12-13 11:17:26,548 - INFO - 📝 التعليق (جزء): ورد القرآن اليومي، صفحة 25

'قال رسول الله ﷺ: «من ...
2025-12-13 11:17:31,277 - INFO - رد API: {'id': '122151206780944652', 'post_id': '770184126170284_122151206816944652'}
2025-12-13 11:17:31,277 - INFO - ✅ نشر ناجح! https://facebook.com/770184126170284_122151206816944652
2025-12-13 18:14:39,947 - INFO - ... بدء عملية النشر ...
2025-12-13 18:14:39,947 - INFO - 📖 النشر للصورة رقم: 26
2025-12-13 18:14:39,947 - INFO - 📝 التعليق (جزء): ورد القرآن اليومي، صفحة 26

'قال رسول الله ﷺ: «يقا...
2025-12-13 18:14:44,719 - INFO - رد API: {'id': '122151266978944652', 'post_id': '770184126170284_122151267002944652'}
2025-12-13 18:14:44,720 - INFO - ✅ نشر ناجح! https://facebook.com/770184126170284_122151267002944652
2025-12-14 11:18:36,774 - INFO - ... بدء عملية النشر ...
2025-12-14 11:18:36,774 - INFO - 📖 النشر للصورة رقم: 27
2025-12-14 11:18:36,774 - INFO - 📝 التعليق (جزء): ورد القرآن اليومي، صفحة 27

'اللهم اجعل القرآن لنا...
2025-12-14 11:18:41,556 - INFO - رد API: {'id': '122151394718944652', 'post_id': '770184126170284_122151394754944652'}
2025-12-14 11:18:41,557 - INFO - ✅ نشر ناجح! https://facebook.com/770184126170284_122151394754944652
2025-12-14 18:15:42,546 - INFO - ... بدء عملية النشر ...
2025-12-14 18:15:42,547 - INFO - 📖 النشر للصورة رقم: 28
2025-12-14 18:15:42,547 - INFO - 📝 التعليق (جزء): ورد القرآن اليومي، صفحة 28

'اللهم ألبسنا به الحلل...
2025-12-14 18:15:46,147 - INFO - رد API: {'id': '122151463700944652', 'post_id': '770184126170284_122151463724944652'}
2025-12-14 18:15:46,147 - INFO - ✅ نشر ناجح! https://facebook.com/770184126170284_122151463724944652
2025-12-15 11:20:54,892 - INFO - ... بدء عملية النشر ...
2025-12-15 11:20:54,893 - INFO - 📖 النشر للصورة رقم: 29
2025-12-15 11:20:54,893 - INFO - 📝 التعليق (جزء): ورد القرآن اليومي، صفحة 29

'اللهم اجعل القرآن لنا...
2025-12-15 11:20:59,443 - INFO - رد API: {'id': '122151583610944652', 'post_id': '770184126170284_122151583634944652'}
2025-12-15 11:20:59,444 - INFO - ✅ نشر ناجح! https://facebook.com/770184126170284_122151583634944652
2025-12-15 18:18:17,407 - INFO - ... بدء عملية النشر ...
2025-12-15 18:18:17,408 - INFO - 📖 النشر للصورة رقم: 30
2025-12-15 18:18:17,408 - INFO - 📝 التعليق (جزء): ورد القرآن اليومي، صفحة 30

'﴿إِنَّ هَٰذَا الْقُرْ...
2025-12-15 18:18:29,701 - INFO - رد API: {'id': '122151648452944652', 'post_id': '770184126170284_122151648476944652'}
2025-12-15 18:18:29,702 - INFO - ✅ نشر ناجح! https://facebook.com/770184126170284_122151648476944652
2025-12-16 11:21:35,996 - INFO - ... بدء عملية النشر ...
2025-12-16 11:21:35,997 - INFO - 📖 النشر للصورة رقم: 31
2025-12-16 11:21:35,997 - INFO - 📝 التعليق (جزء): ورد القرآن اليومي، صفحة 31

'﴿أَفَلَا يَتَدَبَّرُو...
2025-12-16 11:21:38,888 - INFO - رد API: {'id': '122151777176944652', 'post_id': '770184126170284_122151777230944652'}
2025-12-16 11:21:38,889 - INFO - ✅ نشر ناجح! https://facebook.com/770184126170284_122151777230944652
2025-12-16 18:18:27,838 - INFO - ... بدء عملية النشر ...
2025-12-16 18:18:27,838 - INFO - 📖 النشر للصورة رقم: 32
2025-12-16 18:18:27,838 - INFO - 📝 التعليق (جزء): ورد القرآن اليومي، صفحة 32

'اللهم ارزقنا فهم القر...
2025-12-16 18:18:35,062 - INFO - رد API: {'id': '122151839390944652', 'post_id': '770184126170284_122151839420944652'}
2025-12-16 18:18:35,063 - INFO - ✅ نشر ناجح! https://facebook.com/770184126170284_122151839420944652
2025-12-17 11:22:18,396 - INFO - ... بدء عملية النشر ...
2025-12-17 11:22:18,396 - INFO - 📖 النشر للصورة رقم: 33
2025-12-17 11:22:18,396 - INFO - 📝 التعليق (جزء): ورد القرآن اليومي، صفحة 33

'قال رسول الله ﷺ: «إن ...
2025-12-17 11:22:21,880 - INFO - رد API: {'id': '122151963836944652', 'post_id': '770184126170284_122151963860944652'}
2025-12-17 11:22:21,880 - INFO - ✅ نشر ناجح! https://facebook.com/770184126170284_122151963860944652
2025-12-17 18:18:31,322 - INFO - ... بدء عملية النشر ...
2025-12-17 18:18:31,322 - INFO - 📖 النشر للصورة رقم: 34
2025-12-17 18:18:31,322 - INFO - 📝 التعليق (جزء): ورد القرآن اليومي، صفحة 34

'اللهم اجعلنا ممن يحل ...
2025-12-17 18:18:34,711 - INFO - رد API: {'id': '122152035440944652', 'post_id': '770184126170284_122152035476944652'}
2025-12-17 18:18:34,711 - INFO - ✅ نشر ناجح! https://facebook.com/770184126170284_122152035476944652
2025-12-18 11:21:26,993 - INFO - ... بدء عملية النشر ...
2025-12-18 11:21:26,993 - INFO - 📖 النشر للصورة رقم: 35
2025-12-18 11:21:26,993 - INFO - 📝 التعليق (جزء): ورد القرآن اليومي، صفحة 35

'قال عبد الله بن مسعود...
2025-12-18 11:21:33,988 - INFO - رد API: {'id': '122152169462944652', 'post_id': '770184126170284_122152169492944652'}
2025-12-18 11:21:33,988 - INFO - ✅ نشر ناجح! https://facebook.com/770184126170284_122152169492944652
2025-12-18 18:17:58,731 - INFO - ... بدء عملية النشر ...
2025-12-18 18:17:58,731 - INFO - 📖 النشر للصورة رقم: 36
2025-12-18 18:17:58,731 - INFO - 📝 التعليق (جزء): ورد القرآن اليومي، صفحة 36

'اللهم اجعلنا ممن يقيم...
2025-12-18 18:18:03,233 - INFO - رد API: {'id': '122152229402944652', 'post_id': '770184126170284_122152229426944652'}
2025-12-18 18:18:03,233 - INFO - ✅ نشر ناجح! https://facebook.com/770184126170284_122152229426944652
2025-12-19 11:20:10,876 - INFO - ... بدء عملية النشر ...
2025-12-19 11:20:10,876 - INFO - 📖 النشر للصورة رقم: 37
2025-12-19 11:20:10,876 - INFO - 📝 التعليق (جزء): ورد القرآن اليومي، صفحة 37

'﴿اللَّهُ نَزَّلَ أَحْ...
2025-12-19 11:20:20,197 - INFO - رد API: {'id': '122152371308944652', 'post_id': '770184126170284_122152371332944652'}
2025-12-19 11:20:20,198 - INFO - ✅ نشر ناجح! https://facebook.com/770184126170284_122152371332944652
2025-12-19 18:16:56,303 - INFO - ... بدء عملية النشر ...
2025-12-19 18:16:56,304 - INFO - 📖 النشر للصورة رقم: 38
2025-12-19 18:16:56,304 - INFO - 📝 التعليق (جزء): ورد القرآن اليومي، صفحة 38

'قال رسول الله ﷺ: «من ...
2025-12-19 18:17:00,375 - INFO - رد API: {'id': '122152446704944652', 'post_id': '770184126170284_122152446740944652'}
2025-12-19 18:17:00,376 - INFO - ✅ نشر ناجح! https://facebook.com/770184126170284_122152446740944652
2025-12-20 11:17:51,256 - INFO - ... بدء عملية النشر ...
2025-12-20 11:17:51,256 - INFO - 📖 النشر للصورة رقم: 39
2025-12-20 11:17:51,256 - INFO - 📝 التعليق (جزء): ورد القرآن اليومي، صفحة 39

'قال خباب بن الأرت رضي...
2025-12-20 11:17:54,326 - INFO - رد API: {'id': '122152568264944652', 'post_id': '770184126170284_122152568288944652'}
2025-12-20 11:17:54,326 - INFO - ✅ نشر ناجح! https://facebook.com/770184126170284_122152568288944652
2025-12-20 18:14:33,154 - INFO - ... بدء عملية النشر ...
2025-12-20 18:14:33,155 - INFO - 📖 النشر للصورة رقم: 40
2025-12-20 18:14:33,155 - INFO - 📝 التعليق (جزء): ورد القرآن اليومي، صفحة 40

'قال عبد الله بن مسعود...
2025-12-20 18:14:43,430 - INFO - رد API: {'id': '122152650032944652', 'post_id': '770184126170284_122152650074944652'}
2025-12-20 18:14:43,431 - INFO - ✅ نشر ناجح! https://facebook.com/770184126170284_122152650074944652
2025-12-21 11:18:25,981 - INFO - ... بدء عملية النشر ...
2025-12-21 11:18:25,981 - INFO - 📖 النشر للصورة رقم: 41
2025-12-21 11:18:25,981 - INFO - 📝 التعليق (جزء): ورد القرآن اليومي، صفحة 41

'﴿اللَّهُ نَزَّلَ أَحْ...
2025-12-21 11:18:32,980 - INFO - رد API: {'id': '122152795688944652', 'post_id': '770184126170284_122152795712944652'}
2025-12-21 11:18:32,980 - INFO - ✅ نشر ناجح! https://facebook.com/770184126170284_122152795712944652
2025-12-21 18:15:49,735 - INFO - ... بدء عملية النشر ...
2025-12-21 18:15:49,736 - INFO - 📖 النشر للصورة رقم: 42
2025-12-21 18:15:49,736 - INFO - 📝 التعليق (جزء): ورد القرآن اليومي، صفحة 42

'قال رسول الله ﷺ: «اقر...
2025-12-21 18:15:52,727 - INFO - رد API: {'id': '122152864718944652', 'post_id': '770184126170284_122152864742944652'}
2025-12-21 18:15:52,727 - INFO - ✅ نشر ناجح! https://facebook.com/770184126170284_122152864742944652
2025-12-22 11:20:22,276 - INFO - ... بدء عملية النشر ...
2025-12-22 11:20:22,276 - INFO - 📖 النشر للصورة رقم: 43
2025-12-22 11:20:22,276 - INFO - 📝 التعليق (جزء): ورد القرآن اليومي، صفحة 43

'﴿اللَّهُ نَزَّلَ أَحْ...
2025-12-22 11:20:26,631 - INFO - رد API: {'id': '122153049986944652', 'post_id': '770184126170284_122153050010944652'}
2025-12-22 11:20:26,632 - INFO - ✅ نشر ناجح! https://facebook.com/770184126170284_122153050010944652
2025-12-22 18:17:22,284 - INFO - ... بدء عملية النشر ...
2025-12-22 18:17:22,285 - INFO - 📖 النشر للصورة رقم: 44
2025-12-22 18:17:22,285 - INFO - 📝 التعليق (جزء): ورد القرآن اليومي، صفحة 44

'اللهم اجعلنا من أهل ا...
2025-12-22 18:17:25,309 - INFO - رد API: {'id': '122153117864944652', 'post_id': '770184126170284_122153117888944652'}
2025-12-22 18:17:25,310 - INFO - ✅ نشر ناجح! https://facebook.com/770184126170284_122153117888944652
2025-12-23 11:20:47,091 - INFO - ... بدء عملية النشر ...
2025-12-23 11:20:47,092 - INFO - 📖 النشر للصورة رقم: 45
2025-12-23 11:20:47,092 - INFO - 📝 التعليق (جزء): ورد القرآن اليومي، صفحة 45

'﴿أَفَلَا يَتَدَبَّرُو...
2025-12-23 11:20:50,324 - INFO - رد API: {'id': '122153312036944652', 'post_id': '770184126170284_122153312060944652'}
2025-12-23 11:20:50,325 - INFO - ✅ نشر ناجح! https://facebook.com/770184126170284_122153312060944652
2025-12-23 18:17:36,453 - INFO - ... بدء عملية النشر ...
2025-12-23 18:17:36,453 - INFO - 📖 النشر للصورة رقم: 46
2025-12-23 18:17:36,453 - INFO - 📝 التعليق (جزء): ورد القرآن اليومي، صفحة 46

'قال رسول الله ﷺ: «إن ...
2025-12-23 18:17:41,272 - INFO - رد API: {'id': '122153379848944652', 'post_id': '770184126170284_122153379872944652'}
2025-12-23 18:17:41,273 - INFO - ✅ نشر ناجح! https://facebook.com/770184126170284_122153379872944652
2025-12-24 11:20:47,406 - INFO - ... بدء عملية النشر ...
2025-12-24 11:20:47,407 - INFO - 📖 النشر للصورة رقم: 47
2025-12-24 11:20:47,407 - INFO - 📝 التعليق (جزء): ورد القرآن اليومي، صفحة 47

'قال رسول الله ﷺ: «إن ...
2025-12-24 11:20:52,431 - INFO - رد API: {'id': '122153541434944652', 'post_id': '770184126170284_122153541470944652'}
2025-12-24 11:20:52,431 - INFO - ✅ نشر ناجح! https://facebook.com/770184126170284_122153541470944652
2025-12-24 18:17:05,959 - INFO - ... بدء عملية النشر ...
2025-12-24 18:17:05,959 - INFO - 📖 النشر للصورة رقم: 48
2025-12-24 18:17:05,959 - INFO - 📝 التعليق (جزء): ورد القرآن اليومي، صفحة 48

'﴿لَوْ أَنزَلْنَا هَٰذ...
2025-12-24 18:17:08,226 - INFO - رد API: {'id': '122153608928944652', 'post_id': '770184126170284_122153608952944652'}
2025-12-24 18:17:08,226 - INFO - ✅ نشر ناجح! https://facebook.com/770184126170284_122153608952944652
2025-12-25 11:19:58,199 - INFO - ... بدء عملية النشر ...
2025-12-25 11:19:58,199 - INFO - 📖 النشر للصورة رقم: 49
2025-12-25 11:19:58,199 - INFO - 📝 التعليق (جزء): ورد القرآن اليومي، صفحة 49

'﴿كِتَابٌ أَنزَلْنَاهُ...
2025-12-25 11:20:02,230 - INFO - رد API: {'id': '122153758496944652', 'post_id': '770184126170284_122153758532944652'}
2025-12-25 11:20:02,231 - INFO - ✅ نشر ناجح! https://facebook.com/770184126170284_122153758532944652
2025-12-25 18:16:50,546 - INFO - ... بدء عملية النشر ...
2025-12-25 18:16:50,546 - INFO - 📖 النشر للصورة رقم: 50
2025-12-25 18:16:50,546 - INFO - 📝 التعليق (جزء): ورد القرآن اليومي، صفحة 50

'قال رسول الله ﷺ: «خَي...
2025-12-25 18:16:53,260 - INFO - رد API: {'id': '122153821946944652', 'post_id': '770184126170284_122153821976944652'}
2025-12-25 18:16:53,260 - INFO - ✅ نشر ناجح! https://facebook.com/770184126170284_122153821976944652
2025-12-26 11:20:24,733 - INFO - ... بدء عملية النشر ...
2025-12-26 11:20:24,734 - INFO - 📖 النشر للصورة رقم: 51
2025-12-26 11:20:24,734 - INFO - 📝 التعليق (جزء): ورد القرآن اليومي، صفحة 51

'﴿أَفَلَا يَتَدَبَّرُو...
2025-12-26 11:20:31,481 - INFO - رد API: {'id': '122153994872944652', 'post_id': '770184126170284_122153994896944652'}
2025-12-26 11:20:31,482 - INFO - ✅ نشر ناجح! https://facebook.com/770184126170284_122153994896944652
2025-12-26 18:16:57,458 - INFO - ... بدء عملية النشر ...
2025-12-26 18:16:57,459 - INFO - 📖 النشر للصورة رقم: 52
2025-12-26 18:16:57,459 - INFO - 📝 التعليق (جزء): ورد القرآن اليومي، صفحة 52

'﴿اللَّهُ نَزَّلَ أَحْ...
2025-12-26 18:17:02,148 - INFO - رد API: {'id': '122154069560944652', 'post_id': '770184126170284_122154069584944652'}
2025-12-26 18:17:02,148 - INFO - ✅ نشر ناجح! https://facebook.com/770184126170284_122154069584944652
2025-12-27 11:18:22,648 - INFO - ... بدء عملية النشر ...
2025-12-27 11:18:22,648 - INFO - 📖 النشر للصورة رقم: 53
2025-12-27 11:18:22,648 - INFO - 📝 التعليق (جزء): ورد القرآن اليومي، صفحة 53

'اللهم ألبسنا به الحلل...
2025-12-27 11:18:27,984 - INFO - رد API: {'id': '122154238592944652', 'post_id': '770184126170284_122154238616944652'}
2025-12-27 11:18:27,984 - INFO - ✅ نشر ناجح! https://facebook.com/770184126170284_122154238616944652
2025-12-27 18:15:48,377 - INFO - ... بدء عملية النشر ...
2025-12-27 18:15:48,378 - INFO - 📖 النشر للصورة رقم: 54
2025-12-27 18:15:48,378 - INFO - 📝 التعليق (جزء): ورد القرآن اليومي، صفحة 54

'قال عمر بن الخطاب رضي...
2025-12-27 18:15:54,798 - INFO - رد API: {'id': '122154300890944652', 'post_id': '770184126170284_122154300914944652'}
2025-12-27 18:15:54,798 - INFO - ✅ نشر ناجح! https://facebook.com/770184126170284_122154300914944652
2025-12-28 11:19:07,460 - INFO - ... بدء عملية النشر ...
2025-12-28 11:19:07,460 - INFO - 📖 النشر للصورة رقم: 55
2025-12-28 11:19:07,460 - INFO - 📝 التعليق (جزء): ورد القرآن اليومي، صفحة 55

'اللهم شفع فينا القرآن...
2025-12-28 11:19:13,793 - INFO - رد API: {'id': '122154465494944652', 'post_id': '770184126170284_122154465518944652'}
2025-12-28 11:19:13,794 - INFO - ✅ نشر ناجح! https://facebook.com/770184126170284_122154465518944652
2025-12-28 18:16:21,520 - INFO - ... بدء عملية النشر ...
2025-12-28 18:16:21,521 - INFO - 📖 النشر للصورة رقم: 56
2025-12-28 18:16:21,521 - INFO - 📝 التعليق (جزء): ورد القرآن اليومي، صفحة 56

'قال رسول الله ﷺ: «من ...
2025-12-28 18:16:25,525 - INFO - رد API: {'id': '122154528704944652', 'post_id': '770184126170284_122154528728944652'}
2025-12-28 18:16:25,526 - INFO - ✅ نشر ناجح! https://facebook.com/770184126170284_122154528728944652
2025-12-29 11:21:09,198 - INFO - ... بدء عملية النشر ...
2025-12-29 11:21:09,198 - INFO - 📖 النشر للصورة رقم: 57
2025-12-29 11:21:09,199 - INFO - 📝 التعليق (جزء): ورد القرآن اليومي، صفحة 57

'﴿لَوْ أَنزَلْنَا هَٰذ...
2025-12-29 11:21:12,659 - INFO - رد API: {'id': '122154655262944652', 'post_id': '770184126170284_122154655292944652'}
2025-12-29 11:21:12,660 - INFO - ✅ نشر ناجح! https://facebook.com/770184126170284_122154655292944652
2025-12-29 18:17:45,158 - INFO - ... بدء عملية النشر ...
2025-12-29 18:17:45,159 - INFO - 📖 النشر للصورة رقم: 58
2025-12-29 18:17:45,159 - INFO - 📝 التعليق (جزء): ورد القرآن اليومي، صفحة 58

'قال رسول الله ﷺ: «من ...
2025-12-29 18:17:49,746 - INFO - رد API: {'id': '122154719534944652', 'post_id': '770184126170284_122154719558944652'}
2025-12-29 18:17:49,747 - INFO - ✅ نشر ناجح! https://facebook.com/770184126170284_122154719558944652
2025-12-30 11:21:17,531 - INFO - ... بدء عملية النشر ...
2025-12-30 11:21:17,531 - INFO - 📖 النشر للصورة رقم: 59
2025-12-30 11:21:17,531 - INFO - 📝 التعليق (جزء): ورد القرآن اليومي، صفحة 59

'﴿أَفَلَا يَتَدَبَّرُو...
2025-12-30 11:21:22,255 - INFO - رد API: {'id': '122154867764944652', 'post_id': '770184126170284_122154867800944652'}
2025-12-30 11:21:22,255 - INFO - ✅ نشر ناجح! https://facebook.com/770184126170284_122154867800944652
2025-12-30 18:17:59,890 - INFO - ... بدء عملية النشر ...
2025-12-30 18:17:59,891 - INFO - 📖 النشر للصورة رقم: 60
2025-12-30 18:17:59,891 - INFO - 📝 التعليق (جزء): ورد القرآن اليومي، صفحة 60

'اللهم اجعلنا ممن يقيم...
2025-12-30 18:18:02,925 - INFO - رد API: {'id': '122154929828944652', 'post_id': '770184126170284_122154929858944652'}
2025-12-30 18:18:02,926 - INFO - ✅ نشر ناجح! https://facebook.com/770184126170284_122154929858944652
2025-12-31 11:20:36,814 - INFO - ... بدء عملية النشر ...
2025-12-31 11:20:36,814 - INFO - 📖 النشر للصورة رقم: 61
2025-12-31 11:20:36,814 - INFO - 📝 التعليق (جزء): ورد القرآن اليومي، صفحة 61

'اللهم اجعلنا ممن يقيم...
2025-12-31 11:20:40,169 - INFO - رد API: {'id': '122155091042944652', 'post_id': '770184126170284_122155091066944652'}
2025-12-31 11:20:40,169 - INFO - ✅ نشر ناجح! https://facebook.com/770184126170284_122155091066944652
2025-12-31 18:16:58,428 - INFO - ... بدء عملية النشر ...
2025-12-31 18:16:58,428 - INFO - 📖 النشر للصورة رقم: 62
2025-12-31 18:16:58,428 - INFO - 📝 التعليق (جزء): ورد القرآن اليومي، صفحة 62

'اللهم نور بالقرآن أبص...
2025-12-31 18:17:02,619 - INFO - رد API: {'id': '122155156802944652', 'post_id': '770184126170284_122155156826944652'}
2025-12-31 18:17:02,620 - INFO - ✅ نشر ناجح! https://facebook.com/770184126170284_122155156826944652
2026-01-01 11:20:05,962 - INFO - ... بدء عملية النشر ...
2026-01-01 11:20:05,963 - INFO - 📖 النشر للصورة رقم: 63
2026-01-01 11:20:05,963 - INFO - 📝 التعليق (جزء): ورد القرآن اليومي، صفحة 63

'﴿وَنُنَزِّلُ مِنَ الْ...
2026-01-01 11:20:10,585 - INFO - رد API: {'id': '122155312136944652', 'post_id': '770184126170284_122155312166944652'}
2026-01-01 11:20:10,586 - INFO - ✅ نشر ناجح! https://facebook.com/770184126170284_122155312166944652
2026-01-01 18:17:04,819 - INFO - ... بدء عملية النشر ...
2026-01-01 18:17:04,820 - INFO - 📖 النشر للصورة رقم: 64
2026-01-01 18:17:04,820 - INFO - 📝 التعليق (جزء): ورد القرآن اليومي، صفحة 64

'قال رسول الله ﷺ: «اقر...
2026-01-01 18:17:14,393 - INFO - رد API: {'id': '122155373642944652', 'post_id': '770184126170284_122155373672944652'}
2026-01-01 18:17:14,393 - INFO - ✅ نشر ناجح! https://facebook.com/770184126170284_122155373672944652
2026-01-02 11:20:16,530 - INFO - ... بدء عملية النشر ...
2026-01-02 11:20:16,531 - INFO - 📖 النشر للصورة رقم: 65
2026-01-02 11:20:16,531 - INFO - 📝 التعليق (جزء): ورد القرآن اليومي، صفحة 65

'قال رسول الله ﷺ: «اقر...
2026-01-02 11:20:21,407 - INFO - رد API: {'id': '122155551338944652', 'post_id': '770184126170284_122155551362944652'}
2026-01-02 11:20:21,407 - INFO - ✅ نشر ناجح! https://facebook.com/770184126170284_122155551362944652
2026-01-02 18:17:00,064 - INFO - ... بدء عملية النشر ...
2026-01-02 18:17:00,065 - INFO - 📖 النشر للصورة رقم: 66
2026-01-02 18:17:00,065 - INFO - 📝 التعليق (جزء): ورد القرآن اليومي، صفحة 66

'قال خباب بن الأرت رضي...
2026-01-02 18:17:04,003 - INFO - رد API: {'id': '122155612724944652', 'post_id': '770184126170284_122155612748944652'}
2026-01-02 18:17:04,004 - INFO - ✅ نشر ناجح! https://facebook.com/770184126170284_122155612748944652
2026-01-03 11:18:36,689 - INFO - ... بدء عملية النشر ...
2026-01-03 11:18:36,689 - INFO - 📖 النشر للصورة رقم: 67
2026-01-03 11:18:36,689 - INFO - 📝 التعليق (جزء): ورد القرآن اليومي، صفحة 67

'﴿كِتَابٌ أَنزَلْنَاهُ...
2026-01-03 11:18:42,377 - INFO - رد API: {'id': '122155757438944652', 'post_id': '770184126170284_122155757462944652'}
2026-01-03 11:18:42,378 - INFO - ✅ نشر ناجح! https://facebook.com/770184126170284_122155757462944652
2026-01-03 18:15:57,553 - INFO - ... بدء عملية النشر ...
2026-01-03 18:15:57,554 - INFO - 📖 النشر للصورة رقم: 68
2026-01-03 18:15:57,554 - INFO - 📝 التعليق (جزء): ورد القرآن اليومي، صفحة 68

'قال رسول الله ﷺ: «يقا...
2026-01-03 18:16:00,202 - INFO - رد API: {'id': '122155834304944652', 'post_id': '770184126170284_122155834328944652'}
2026-01-03 18:16:00,203 - INFO - ✅ نشر ناجح! https://facebook.com/770184126170284_122155834328944652
2026-01-04 11:18:36,124 - INFO - ... بدء عملية النشر ...
2026-01-04 11:18:36,125 - INFO - 📖 النشر للصورة رقم: 69
2026-01-04 11:18:36,125 - INFO - 📝 التعليق (جزء): ورد القرآن اليومي، صفحة 69

'قال رسول الله ﷺ: «اقر...
2026-01-04 11:18:40,919 - INFO - رد API: {'id': '122155983392944652', 'post_id': '770184126170284_122155983416944652'}
2026-01-04 11:18:40,920 - INFO - ✅ نشر ناجح! https://facebook.com/770184126170284_122155983416944652
2026-01-04 18:16:26,955 - INFO - ... بدء عملية النشر ...
2026-01-04 18:16:26,956 - INFO - 📖 النشر للصورة رقم: 70
2026-01-04 18:16:26,956 - INFO - 📝 التعليق (جزء): ورد القرآن اليومي، صفحة 70

'اللهم ارزقنا فهم القر...
2026-01-04 18:16:30,959 - INFO - رد API: {'id': '122156057564944652', 'post_id': '770184126170284_122156057606944652'}
2026-01-04 18:16:30,959 - INFO - ✅ نشر ناجح! https://facebook.com/770184126170284_122156057606944652
2026-01-05 11:21:35,781 - INFO - ... بدء عملية النشر ...
2026-01-05 11:21:35,782 - INFO - 📖 النشر للصورة رقم: 71
2026-01-05 11:21:35,782 - INFO - 📝 التعليق (جزء): ورد القرآن اليومي، صفحة 71

'اللهم اجعلنا ممن يقيم...
2026-01-05 11:21:40,566 - INFO - رد API: {'id': '122156200352944652', 'post_id': '770184126170284_122156200376944652'}
2026-01-05 11:21:40,567 - INFO - ✅ نشر ناجح! https://facebook.com/770184126170284_122156200376944652
2026-01-05 18:19:02,151 - INFO - ... بدء عملية النشر ...
2026-01-05 18:19:02,152 - INFO - 📖 النشر للصورة رقم: 72
2026-01-05 18:19:02,152 - INFO - 📝 التعليق (جزء): ورد القرآن اليومي، صفحة 72

'اللهم شفع فينا القرآن...
2026-01-05 18:19:05,969 - INFO - رد API: {'id': '122156269298944652', 'post_id': '770184126170284_122156269322944652'}
2026-01-05 18:19:05,970 - INFO - ✅ نشر ناجح! https://facebook.com/770184126170284_122156269322944652
2026-01-06 11:20:51,922 - INFO - ... بدء عملية النشر ...
2026-01-06 11:20:51,922 - INFO - 📖 النشر للصورة رقم: 73
2026-01-06 11:20:51,922 - INFO - 📝 التعليق (جزء): ورد القرآن اليومي، صفحة 73

'اللهم نور بالقرآن أبص...
2026-01-06 11:20:56,254 - INFO - رد API: {'id': '122156408978944652', 'post_id': '770184126170284_122156409002944652'}
2026-01-06 11:20:56,255 - INFO - ✅ نشر ناجح! https://facebook.com/770184126170284_122156409002944652
2026-01-06 18:17:30,566 - INFO - ... بدء عملية النشر ...
2026-01-06 18:17:30,566 - INFO - 📖 النشر للصورة رقم: 74
2026-01-06 18:17:30,567 - INFO - 📝 التعليق (جزء): ورد القرآن اليومي، صفحة 74

'قال عثمان بن عفان رضي...
2026-01-06 18:17:33,608 - INFO - رد API: {'id': '122156470544944652', 'post_id': '770184126170284_122156470568944652'}
2026-01-06 18:17:33,609 - INFO - ✅ نشر ناجح! https://facebook.com/770184126170284_122156470568944652
2026-01-07 11:22:10,810 - INFO - ... بدء عملية النشر ...
2026-01-07 11:22:10,810 - INFO - 📖 النشر للصورة رقم: 75
2026-01-07 11:22:10,810 - INFO - 📝 التعليق (جزء): ورد القرآن اليومي، صفحة 75

'﴿اللَّهُ نَزَّلَ أَحْ...
2026-01-07 11:22:15,560 - INFO - رد API: {'id': '122156641442944652', 'post_id': '770184126170284_122156641478944652'}
2026-01-07 11:22:15,561 - INFO - ✅ نشر ناجح! https://facebook.com/770184126170284_122156641478944652
2026-01-07 18:18:44,206 - INFO - ... بدء عملية النشر ...
2026-01-07 18:18:44,206 - INFO - 📖 النشر للصورة رقم: 76
2026-01-07 18:18:44,206 - INFO - 📝 التعليق (جزء): ورد القرآن اليومي، صفحة 76

'قال رسول الله ﷺ: «يقا...
2026-01-07 18:18:47,348 - INFO - رد API: {'id': '122156718908944652', 'post_id': '770184126170284_122156718932944652'}
2026-01-07 18:18:47,349 - INFO - ✅ نشر ناجح! https://facebook.com/770184126170284_122156718932944652
2026-01-08 11:22:39,370 - INFO - ... بدء عملية النشر ...
2026-01-08 11:22:39,370 - INFO - 📖 النشر للصورة رقم: 77
2026-01-08 11:22:39,370 - INFO - 📝 التعليق (جزء): ورد القرآن اليومي، صفحة 77

'﴿أَفَلَا يَتَدَبَّرُو...
2026-01-08 11:22:44,279 - INFO - رد API: {'id': '122156859944944652', 'post_id': '770184126170284_122156859974944652'}
2026-01-08 11:22:44,279 - INFO - ✅ نشر ناجح! https://facebook.com/770184126170284_122156859974944652
2026-01-08 18:16:25,485 - INFO - ... بدء عملية النشر ...
2026-01-08 18:16:25,485 - INFO - 📖 النشر للصورة رقم: 78
2026-01-08 18:16:25,485 - INFO - 📝 التعليق (جزء): ورد القرآن اليومي، صفحة 78

'اللهم ألبسنا به الحلل...
2026-01-08 18:16:29,609 - INFO - رد API: {'id': '122156929358944652', 'post_id': '770184126170284_122156929388944652'}
2026-01-08 18:16:29,610 - INFO - ✅ نشر ناجح! https://facebook.com/770184126170284_122156929388944652
2026-01-09 11:20:59,969 - INFO - ... بدء عملية النشر ...
2026-01-09 11:20:59,970 - INFO - 📖 النشر للصورة رقم: 79
2026-01-09 11:20:59,970 - INFO - 📝 التعليق (جزء): ورد القرآن اليومي، صفحة 79

'﴿إِنَّ هَٰذَا الْقُرْ...
2026-01-09 11:21:05,379 - INFO - رد API: {'id': '122157070706944652', 'post_id': '770184126170284_122157070736944652'}
2026-01-09 11:21:05,380 - INFO - ✅ نشر ناجح! https://facebook.com/770184126170284_122157070736944652
2026-01-09 18:18:25,223 - INFO - ... بدء عملية النشر ...
2026-01-09 18:18:25,224 - INFO - 📖 النشر للصورة رقم: 80
2026-01-09 18:18:25,224 - INFO - 📝 التعليق (جزء): ورد القرآن اليومي، صفحة 80

'قال رسول الله ﷺ: «يقا...
2026-01-09 18:18:28,098 - INFO - رد API: {'id': '122157139340944652', 'post_id': '770184126170284_122157139376944652'}
2026-01-09 18:18:28,099 - INFO - ✅ نشر ناجح! https://facebook.com/770184126170284_122157139376944652
2026-01-10 11:18:30,531 - INFO - ... بدء عملية النشر ...
2026-01-10 11:18:30,532 - INFO - 📖 النشر للصورة رقم: 81
2026-01-10 11:18:30,532 - INFO - 📝 التعليق (جزء): ورد القرآن اليومي، صفحة 81

'اللهم شفع فينا القرآن...
2026-01-10 11:18:34,959 - INFO - رد API: {'id': '122157288974944652', 'post_id': '770184126170284_122157288998944652'}
2026-01-10 11:18:34,960 - INFO - ✅ نشر ناجح! https://facebook.com/770184126170284_122157288998944652
2026-01-10 18:16:22,996 - INFO - ... بدء عملية النشر ...
2026-01-10 18:16:22,997 - INFO - 📖 النشر للصورة رقم: 82
2026-01-10 18:16:22,997 - INFO - 📝 التعليق (جزء): ورد القرآن اليومي، صفحة 82

'اللهم ذكرنا من القرآن...
2026-01-10 18:16:27,334 - INFO - رد API: {'id': '122157363722944652', 'post_id': '770184126170284_122157363746944652'}
2026-01-10 18:16:27,335 - INFO - ✅ نشر ناجح! https://facebook.com/770184126170284_122157363746944652
2026-01-11 11:19:10,264 - INFO - ... بدء عملية النشر ...
2026-01-11 11:19:10,265 - INFO - 📖 النشر للصورة رقم: 83
2026-01-11 11:19:10,265 - INFO - 📝 التعليق (جزء): ورد القرآن اليومي، صفحة 83

'قال عبد الله بن مسعود...
2026-01-11 11:19:13,553 - INFO - رد API: {'id': '122157500060944652', 'post_id': '770184126170284_122157500084944652'}
2026-01-11 11:19:13,554 - INFO - ✅ نشر ناجح! https://facebook.com/770184126170284_122157500084944652
2026-01-11 18:16:11,701 - INFO - ... بدء عملية النشر ...
2026-01-11 18:16:11,702 - INFO - 📖 النشر للصورة رقم: 84
2026-01-11 18:16:11,702 - INFO - 📝 التعليق (جزء): ورد القرآن اليومي، صفحة 84

'اللهم نور بالقرآن أبص...
2026-01-11 18:16:19,197 - INFO - رد API: {'id': '122157587444944652', 'post_id': '770184126170284_122157587468944652'}
2026-01-11 18:16:19,198 - INFO - ✅ نشر ناجح! https://facebook.com/770184126170284_122157587468944652
2026-01-12 11:22:27,276 - INFO - ... بدء عملية النشر ...
2026-01-12 11:22:27,276 - INFO - 📖 النشر للصورة رقم: 85
2026-01-12 11:22:27,276 - INFO - 📝 التعليق (جزء): ورد القرآن اليومي، صفحة 85

'﴿اللَّهُ نَزَّلَ أَحْ...
2026-01-12 11:22:31,338 - INFO - رد API: {'id': '122157757934944652', 'post_id': '770184126170284_122157757958944652'}
2026-01-12 11:22:31,339 - INFO - ✅ نشر ناجح! https://facebook.com/770184126170284_122157757958944652
2026-01-12 18:18:35,178 - INFO - ... بدء عملية النشر ...
2026-01-12 18:18:35,179 - INFO - 📖 النشر للصورة رقم: 86
2026-01-12 18:18:35,179 - INFO - 📝 التعليق (جزء): ورد القرآن اليومي، صفحة 86

'اللهم اجعلنا ممن يحل ...
2026-01-12 18:18:39,488 - INFO - رد API: {'id': '122157823010944652', 'post_id': '770184126170284_122157823040944652'}
2026-01-12 18:18:39,489 - INFO - ✅ نشر ناجح! https://facebook.com/770184126170284_122157823040944652
2026-01-13 11:22:27,008 - INFO - ... بدء عملية النشر ...
2026-01-13 11:22:27,008 - INFO - 📖 النشر للصورة رقم: 87
2026-01-13 11:22:27,009 - INFO - 📝 التعليق (جزء): ورد القرآن اليومي، صفحة 87

'اللهم ألبسنا به الحلل...
2026-01-13 11:22:32,241 - INFO - رد API: {'id': '122158001756944652', 'post_id': '770184126170284_122158001792944652'}
2026-01-13 11:22:32,242 - INFO - ✅ نشر ناجح! https://facebook.com/770184126170284_122158001792944652
2026-01-13 18:20:00,529 - INFO - ... بدء عملية النشر ...
2026-01-13 18:20:00,529 - INFO - 📖 النشر للصورة رقم: 88
2026-01-13 18:20:00,529 - INFO - 📝 التعليق (جزء): ورد القرآن اليومي، صفحة 88

'قال رسول الله ﷺ: «إن ...
2026-01-13 18:20:04,623 - INFO - رد API: {'id': '122158075646944652', 'post_id': '770184126170284_122158075670944652'}
2026-01-13 18:20:04,623 - INFO - ✅ نشر ناجح! https://facebook.com/770184126170284_122158075670944652
2026-01-14 11:23:11,195 - INFO - ... بدء عملية النشر ...
2026-01-14 11:23:11,196 - INFO - 📖 النشر للصورة رقم: 89
2026-01-14 11:23:11,196 - INFO - 📝 التعليق (جزء): ورد القرآن اليومي، صفحة 89

'قال ابن القيم رحمه ال...
2026-01-14 11:23:15,914 - INFO - رد API: {'id': '122158194224944652', 'post_id': '770184126170284_122158194254944652'}
2026-01-14 11:23:15,915 - INFO - ✅ نشر ناجح! https://facebook.com/770184126170284_122158194254944652
2026-01-14 18:19:38,851 - INFO - ... بدء عملية النشر ...
2026-01-14 18:19:38,852 - INFO - 📖 النشر للصورة رقم: 90
2026-01-14 18:19:38,852 - INFO - 📝 التعليق (جزء): ورد القرآن اليومي، صفحة 90

'قال عمر بن الخطاب رضي...
2026-01-14 18:19:42,626 - INFO - رد API: {'id': '122158258322944652', 'post_id': '770184126170284_122158258346944652'}
2026-01-14 18:19:42,627 - INFO - ✅ نشر ناجح! https://facebook.com/770184126170284_122158258346944652
2026-01-15 11:22:41,290 - INFO - ... بدء عملية النشر ...
2026-01-15 11:22:41,291 - INFO - 📖 النشر للصورة رقم: 91
2026-01-15 11:22:41,291 - INFO - 📝 التعليق (جزء): ورد القرآن اليومي، صفحة 91

'اللهم ذكرنا من القرآن...
2026-01-15 11:22:49,893 - INFO - رد API: {'id': '122158380902944652', 'post_id': '770184126170284_122158380932944652'}
2026-01-15 11:22:49,894 - INFO - ✅ نشر ناجح! https://facebook.com/770184126170284_122158380932944652
2026-01-15 18:23:13,388 - INFO - ... بدء عملية النشر ...
2026-01-15 18:23:13,388 - INFO - 📖 النشر للصورة رقم: 92
2026-01-15 18:23:13,388 - INFO - 📝 التعليق (جزء): ورد القرآن اليومي، صفحة 92

'اللهم نور بالقرآن أبص...
2026-01-15 18:23:17,289 - INFO - رد API: {'id': '122158448486944652', 'post_id': '770184126170284_122158448510944652'}
2026-01-15 18:23:17,289 - INFO - ✅ نشر ناجح! https://facebook.com/770184126170284_122158448510944652
2026-01-16 11:21:29,831 - INFO - ... بدء عملية النشر ...
2026-01-16 11:21:29,832 - INFO - 📖 النشر للصورة رقم: 93
2026-01-16 11:21:29,832 - INFO - 📝 التعليق (جزء): ورد القرآن اليومي، صفحة 93

'قال عثمان بن عفان رضي...
2026-01-16 11:21:32,837 - INFO - رد API: {'id': '122158576580944652', 'post_id': '770184126170284_122158576604944652'}
2026-01-16 11:21:32,838 - INFO - ✅ نشر ناجح! https://facebook.com/770184126170284_122158576604944652
2026-01-16 18:18:49,379 - INFO - ... بدء عملية النشر ...
2026-01-16 18:18:49,380 - INFO - 📖 النشر للصورة رقم: 94
2026-01-16 18:18:49,380 - INFO - 📝 التعليق (جزء): ورد القرآن اليومي، صفحة 94

'اللهم اجعل القرآن الع...
2026-01-16 18:18:52,558 - INFO - رد API: {'id': '122158645142944652', 'post_id': '770184126170284_122158645184944652'}
2026-01-16 18:18:52,559 - INFO - ✅ نشر ناجح! https://facebook.com/770184126170284_122158645184944652
2026-01-17 11:18:41,125 - INFO - ... بدء عملية النشر ...
2026-01-17 11:18:41,126 - INFO - 📖 النشر للصورة رقم: 95
2026-01-17 11:18:41,126 - INFO - 📝 التعليق (جزء): ورد القرآن اليومي، صفحة 95

'اللهم ألبسنا به الحلل...
2026-01-17 11:18:45,113 - INFO - رد API: {'id': '122158770764944652', 'post_id': '770184126170284_122158770788944652'}
2026-01-17 11:18:45,114 - INFO - ✅ نشر ناجح! https://facebook.com/770184126170284_122158770788944652
2026-01-17 18:16:02,361 - INFO - ... بدء عملية النشر ...
2026-01-17 18:16:02,362 - INFO - 📖 النشر للصورة رقم: 96
2026-01-17 18:16:02,362 - INFO - 📝 التعليق (جزء): ورد القرآن اليومي، صفحة 96

'﴿لَوْ أَنزَلْنَا هَٰذ...
2026-01-17 18:16:05,402 - INFO - رد API: {'id': '122158833140944652', 'post_id': '770184126170284_122158833164944652'}
2026-01-17 18:16:05,403 - INFO - ✅ نشر ناجح! https://facebook.com/770184126170284_122158833164944652
2026-01-18 11:18:28,474 - INFO - ... بدء عملية النشر ...
2026-01-18 11:18:28,474 - INFO - 📖 النشر للصورة رقم: 97
2026-01-18 11:18:28,474 - INFO - 📝 التعليق (جزء): ورد القرآن اليومي، صفحة 97

'اللهم اجعل القرآن لنا...
2026-01-18 11:18:33,407 - INFO - رد API: {'id': '122158975142944652', 'post_id': '770184126170284_122158975172944652'}
2026-01-18 11:18:33,408 - INFO - ✅ نشر ناجح! https://facebook.com/770184126170284_122158975172944652
2026-01-18 18:15:28,921 - INFO - ... بدء عملية النشر ...
2026-01-18 18:15:28,922 - INFO - 📖 النشر للصورة رقم: 98
2026-01-18 18:15:28,922 - INFO - 📝 التعليق (جزء): ورد القرآن اليومي، صفحة 98

'قال رسول الله ﷺ: «اقر...
2026-01-18 18:15:33,293 - INFO - رد API: {'id': '122159038682944652', 'post_id': '770184126170284_122159038706944652'}
2026-01-18 18:15:33,294 - INFO - ✅ نشر ناجح! https://facebook.com/770184126170284_122159038706944652
2026-01-19 11:23:14,442 - INFO - ... بدء عملية النشر ...
2026-01-19 11:23:14,442 - INFO - 📖 النشر للصورة رقم: 99
2026-01-19 11:23:14,443 - INFO - 📝 التعليق (جزء): ورد القرآن اليومي، صفحة 99

'قال رسول الله ﷺ: «الذ...
2026-01-19 11:23:17,313 - INFO - رد API: {'id': '122159175992944652', 'post_id': '770184126170284_122159176022944652'}
2026-01-19 11:23:17,314 - INFO - ✅ نشر ناجح! https://facebook.com/770184126170284_122159176022944652
2026-01-19 18:18:14,014 - INFO - ... بدء عملية النشر ...
2026-01-19 18:18:14,015 - INFO - 📖 النشر للصورة رقم: 100
2026-01-19 18:18:14,015 - INFO - 📝 التعليق (جزء): ورد القرآن اليومي، صفحة 100

'قال خباب بن الأرت رض...
2026-01-19 18:18:21,584 - INFO - رد API: {'id': '122159232716944652', 'post_id': '770184126170284_122159232740944652'}
2026-01-19 18:18:21,585 - INFO - ✅ نشر ناجح! https://facebook.com/770184126170284_122159232740944652
2026-01-20 11:25:22,091 - INFO - ... بدء عملية النشر ...
2026-01-20 11:25:22,091 - INFO - 📖 النشر للصورة رقم: 101
2026-01-20 11:25:22,091 - INFO - 📝 التعليق (جزء): ورد القرآن اليومي، صفحة 101

'﴿اللَّهُ نَزَّلَ أَح...
2026-01-20 11:25:25,989 - INFO - رد API: {'id': '122159364758944652', 'post_id': '770184126170284_122159364782944652'}
2026-01-20 11:25:25,989 - INFO - ✅ نشر ناجح! https://facebook.com/770184126170284_122159364782944652
2026-01-20 18:21:31,129 - INFO - ... بدء عملية النشر ...
2026-01-20 18:21:31,129 - INFO - 📖 النشر للصورة رقم: 102
2026-01-20 18:21:31,129 - INFO - 📝 التعليق (جزء): ورد القرآن اليومي، صفحة 102

'﴿اللَّهُ نَزَّلَ أَح...
2026-01-20 18:21:36,126 - INFO - رد API: {'id': '122159432330944652', 'post_id': '770184126170284_122159432366944652'}
2026-01-20 18:21:36,126 - INFO - ✅ نشر ناجح! https://facebook.com/770184126170284_122159432366944652
2026-01-21 11:26:18,669 - INFO - ... بدء عملية النشر ...
2026-01-21 11:26:18,670 - INFO - 📖 النشر للصورة رقم: 103
2026-01-21 11:26:18,670 - INFO - 📝 التعليق (جزء): ورد القرآن اليومي، صفحة 103

'اللهم شفع فينا القرآ...
2026-01-21 11:26:22,586 - INFO - رد API: {'id': '122159580722944652', 'post_id': '770184126170284_122159580746944652'}
2026-01-21 11:26:22,586 - INFO - ✅ نشر ناجح! https://facebook.com/770184126170284_122159580746944652
2026-01-21 18:30:24,719 - INFO - ... بدء عملية النشر ...
2026-01-21 18:30:24,720 - INFO - 📖 النشر للصورة رقم: 104
2026-01-21 18:30:24,720 - INFO - 📝 التعليق (جزء): ورد القرآن اليومي، صفحة 104

'اللهم شفع فينا القرآ...
2026-01-21 18:30:28,883 - INFO - رد API: {'id': '122159647250944652', 'post_id': '770184126170284_122159647274944652'}
2026-01-21 18:30:28,884 - INFO - ✅ نشر ناجح! https://facebook.com/770184126170284_122159647274944652
2026-01-22 11:24:47,634 - INFO - ... بدء عملية النشر ...
2026-01-22 11:24:47,635 - INFO - 📖 النشر للصورة رقم: 105
2026-01-22 11:24:47,635 - INFO - 📝 التعليق (جزء): ورد القرآن اليومي، صفحة 105

'قال خباب بن الأرت رض...
2026-01-22 11:24:50,464 - INFO - رد API: {'id': '122159780582944652', 'post_id': '770184126170284_122159780606944652'}
2026-01-22 11:24:50,465 - INFO - ✅ نشر ناجح! https://facebook.com/770184126170284_122159780606944652
2026-01-22 18:18:18,224 - INFO - ... بدء عملية النشر ...
2026-01-22 18:18:18,224 - INFO - 📖 النشر للصورة رقم: 106
2026-01-22 18:18:18,224 - INFO - 📝 التعليق (جزء): ورد القرآن اليومي، صفحة 106

'قال رسول الله ﷺ: «اق...
2026-01-22 18:18:23,273 - INFO - رد API: {'id': '122159847176944652', 'post_id': '770184126170284_122159847200944652'}
2026-01-22 18:18:23,274 - INFO - ✅ نشر ناجح! https://facebook.com/770184126170284_122159847200944652
2026-01-23 11:23:17,843 - INFO - ... بدء عملية النشر ...
2026-01-23 11:23:17,843 - INFO - 📖 النشر للصورة رقم: 107
2026-01-23 11:23:17,843 - INFO - 📝 التعليق (جزء): ورد القرآن اليومي، صفحة 107

'قال عمر بن الخطاب رض...
2026-01-23 11:23:20,444 - INFO - رد API: {'id': '122159986814944652', 'post_id': '770184126170284_122159986838944652'}
2026-01-23 11:23:20,445 - INFO - ✅ نشر ناجح! https://facebook.com/770184126170284_122159986838944652
2026-01-23 18:18:56,631 - INFO - ... بدء عملية النشر ...
2026-01-23 18:18:56,631 - INFO - 📖 النشر للصورة رقم: 108
2026-01-23 18:18:56,631 - INFO - 📝 التعليق (جزء): ورد القرآن اليومي، صفحة 108

'قال رسول الله ﷺ: «إن...
2026-01-23 18:19:02,378 - INFO - رد API: {'id': '122160056540944652', 'post_id': '770184126170284_122160056564944652'}
2026-01-23 18:19:02,379 - INFO - ✅ نشر ناجح! https://facebook.com/770184126170284_122160056564944652
2026-01-24 11:19:41,147 - INFO - ... بدء عملية النشر ...
2026-01-24 11:19:41,148 - INFO - 📖 النشر للصورة رقم: 109
2026-01-24 11:19:41,148 - INFO - 📝 التعليق (جزء): ورد القرآن اليومي، صفحة 109

'اللهم اجعلنا ممن يحل...
2026-01-24 11:19:44,615 - INFO - رد API: {'id': '122160186818944652', 'post_id': '770184126170284_122160186842944652'}
2026-01-24 11:19:44,615 - INFO - ✅ نشر ناجح! https://facebook.com/770184126170284_122160186842944652
2026-01-24 18:16:46,044 - INFO - ... بدء عملية النشر ...
2026-01-24 18:16:46,045 - INFO - 📖 النشر للصورة رقم: 110
2026-01-24 18:16:46,045 - INFO - 📝 التعليق (جزء): ورد القرآن اليومي، صفحة 110

'قال رسول الله ﷺ: «من...
2026-01-24 18:16:52,623 - INFO - رد API: {'id': '122160260636944652', 'post_id': '770184126170284_122160260666944652'}
2026-01-24 18:16:52,624 - INFO - ✅ نشر ناجح! https://facebook.com/770184126170284_122160260666944652
2026-01-25 11:19:33,528 - INFO - ... بدء عملية النشر ...
2026-01-25 11:19:33,528 - INFO - 📖 النشر للصورة رقم: 111
2026-01-25 11:19:33,528 - INFO - 📝 التعليق (جزء): ورد القرآن اليومي، صفحة 111

'﴿لَوْ أَنزَلْنَا هَٰ...
2026-01-25 11:19:37,144 - INFO - رد API: {'id': '122160435002944652', 'post_id': '770184126170284_122160435026944652'}
2026-01-25 11:19:37,145 - INFO - ✅ نشر ناجح! https://facebook.com/770184126170284_122160435026944652
2026-01-25 18:16:40,666 - INFO - ... بدء عملية النشر ...
2026-01-25 18:16:40,666 - INFO - 📖 النشر للصورة رقم: 112
2026-01-25 18:16:40,666 - INFO - 📝 التعليق (جزء): ورد القرآن اليومي، صفحة 112

'﴿أَفَلَا يَتَدَبَّرُ...
2026-01-25 18:16:43,571 - INFO - رد API: {'id': '122160503036944652', 'post_id': '770184126170284_122160503060944652'}
2026-01-25 18:16:43,571 - INFO - ✅ نشر ناجح! https://facebook.com/770184126170284_122160503060944652
2026-01-26 11:22:41,176 - INFO - ... بدء عملية النشر ...
2026-01-26 11:22:41,177 - INFO - 📖 النشر للصورة رقم: 113
2026-01-26 11:22:41,177 - INFO - 📝 التعليق (جزء): ورد القرآن اليومي، صفحة 113

'قال عثمان بن عفان رض...
2026-01-26 11:22:44,024 - INFO - رد API: {'id': '122160648740944652', 'post_id': '770184126170284_122160648764944652'}
2026-01-26 11:22:44,025 - INFO - ✅ نشر ناجح! https://facebook.com/770184126170284_122160648764944652
2026-01-26 18:21:01,345 - INFO - ... بدء عملية النشر ...
2026-01-26 18:21:01,345 - INFO - 📖 النشر للصورة رقم: 114
2026-01-26 18:21:01,345 - INFO - 📝 التعليق (جزء): ورد القرآن اليومي، صفحة 114

'قال عمر بن الخطاب رض...
2026-01-26 18:21:05,031 - INFO - رد API: {'id': '122160706982944652', 'post_id': '770184126170284_122160707012944652'}
2026-01-26 18:21:05,032 - INFO - ✅ نشر ناجح! https://facebook.com/770184126170284_122160707012944652
2026-01-27 11:24:50,281 - INFO - ... بدء عملية النشر ...
2026-01-27 11:24:50,281 - INFO - 📖 النشر للصورة رقم: 115
2026-01-27 11:24:50,281 - INFO - 📝 التعليق (جزء): ورد القرآن اليومي، صفحة 115

'قال رسول الله ﷺ: «خَ...
2026-01-27 11:24:54,325 - INFO - رد API: {'id': '122160847670944652', 'post_id': '770184126170284_122160847706944652'}
2026-01-27 11:24:54,326 - INFO - ✅ نشر ناجح! https://facebook.com/770184126170284_122160847706944652
2026-01-27 18:23:32,120 - INFO - ... بدء عملية النشر ...
2026-01-27 18:23:32,121 - INFO - 📖 النشر للصورة رقم: 116
2026-01-27 18:23:32,121 - INFO - 📝 التعليق (جزء): ورد القرآن اليومي، صفحة 116

'﴿وَنُنَزِّلُ مِنَ ال...
2026-01-27 18:23:34,696 - INFO - رد API: {'id': '122160920072944652', 'post_id': '770184126170284_122160920102944652'}
2026-01-27 18:23:34,697 - INFO - ✅ نشر ناجح! https://facebook.com/770184126170284_122160920102944652
2026-01-28 11:24:53,729 - INFO - ... بدء عملية النشر ...
2026-01-28 11:24:53,730 - INFO - 📖 النشر للصورة رقم: 117
2026-01-28 11:24:53,730 - INFO - 📝 التعليق (جزء): ورد القرآن اليومي، صفحة 117

'قال عبد الله بن مسعو...
2026-01-28 11:24:57,464 - INFO - رد API: {'id': '122161073006944652', 'post_id': '770184126170284_122161073036944652'}
2026-01-28 11:24:57,465 - INFO - ✅ نشر ناجح! https://facebook.com/770184126170284_122161073036944652
2026-01-28 18:24:32,852 - INFO - ... بدء عملية النشر ...
2026-01-28 18:24:32,853 - INFO - 📖 النشر للصورة رقم: 118
2026-01-28 18:24:32,853 - INFO - 📝 التعليق (جزء): ورد القرآن اليومي، صفحة 118

'قال رسول الله ﷺ: «يق...
2026-01-28 18:24:36,254 - INFO - رد API: {'id': '122161130990944652', 'post_id': '770184126170284_122161131014944652'}
2026-01-28 18:24:36,255 - INFO - ✅ نشر ناجح! https://facebook.com/770184126170284_122161131014944652
2026-01-29 11:32:33,186 - INFO - ... بدء عملية النشر ...
2026-01-29 11:32:33,186 - INFO - 📖 النشر للصورة رقم: 119
2026-01-29 11:32:33,186 - INFO - 📝 التعليق (جزء): ورد القرآن اليومي، صفحة 119

'اللهم اجعلنا ممن يقي...
2026-01-29 11:32:37,185 - INFO - رد API: {'id': '122161244474944652', 'post_id': '770184126170284_122161244498944652'}
2026-01-29 11:32:37,186 - INFO - ✅ نشر ناجح! https://facebook.com/770184126170284_122161244498944652
2026-01-29 18:30:17,949 - INFO - ... بدء عملية النشر ...
2026-01-29 18:30:17,950 - INFO - 📖 النشر للصورة رقم: 120
2026-01-29 18:30:17,950 - INFO - 📝 التعليق (جزء): ورد القرآن اليومي، صفحة 120

'﴿اللَّهُ نَزَّلَ أَح...
2026-01-29 18:30:22,055 - INFO - رد API: {'id': '122161313408944652', 'post_id': '770184126170284_122161313438944652'}
2026-01-29 18:30:22,055 - INFO - ✅ نشر ناجح! https://facebook.com/770184126170284_122161313438944652
2026-01-30 11:31:17,481 - INFO - ... بدء عملية النشر ...
2026-01-30 11:31:17,482 - INFO - 📖 النشر للصورة رقم: 121
2026-01-30 11:31:17,482 - INFO - 📝 التعليق (جزء): ورد القرآن اليومي، صفحة 121

'قال عمر بن الخطاب رض...
2026-01-30 11:31:20,778 - INFO - رد API: {'id': '122161448936944652', 'post_id': '770184126170284_122161448966944652'}
2026-01-30 11:31:20,779 - INFO - ✅ نشر ناجح! https://facebook.com/770184126170284_122161448966944652
2026-01-30 18:28:02,028 - INFO - ... بدء عملية النشر ...
2026-01-30 18:28:02,028 - INFO - 📖 النشر للصورة رقم: 122
2026-01-30 18:28:02,029 - INFO - 📝 التعليق (جزء): ورد القرآن اليومي، صفحة 122

'قال رسول الله ﷺ: «خَ...
2026-01-30 18:28:05,911 - INFO - رد API: {'id': '122161505528944652', 'post_id': '770184126170284_122161505558944652'}
2026-01-30 18:28:05,912 - INFO - ✅ نشر ناجح! https://facebook.com/770184126170284_122161505558944652
2026-01-31 11:22:46,642 - INFO - ... بدء عملية النشر ...
2026-01-31 11:22:46,643 - INFO - 📖 النشر للصورة رقم: 123
2026-01-31 11:22:46,643 - INFO - 📝 التعليق (جزء): ورد القرآن اليومي، صفحة 123

'قال خباب بن الأرت رض...
2026-01-31 11:22:50,939 - INFO - رد API: {'id': '122161631552944652', 'post_id': '770184126170284_122161631582944652'}
2026-01-31 11:22:50,940 - INFO - ✅ نشر ناجح! https://facebook.com/770184126170284_122161631582944652
2026-01-31 18:17:56,895 - INFO - ... بدء عملية النشر ...
2026-01-31 18:17:56,896 - INFO - 📖 النشر للصورة رقم: 124
2026-01-31 18:17:56,896 - INFO - 📝 التعليق (جزء): ورد القرآن اليومي، صفحة 124

'اللهم ذكرنا من القرآ...
2026-01-31 18:17:57,239 - ERROR - خطأ HTTP: 400 - {"error":{"message":"Error validating access token: Session has expired on Saturday, 31-Jan-26 06:09:29 PST. The current time is Saturday, 31-Jan-26 10:17:57 PST.","type":"OAuthException","code":190,"error_subcode":463,"fbtrace_id":"AByxY4olm6O8zuJv_dDGXIP"}}
2026-02-01 11:23:18,317 - INFO - ... بدء عملية النشر ...
2026-02-01 11:23:18,318 - INFO - 📖 النشر للصورة رقم: 124
2026-02-01 11:23:18,318 - INFO - 📝 التعليق (جزء): ورد القرآن اليومي، صفحة 124

'اللهم نور بالقرآن أب...
2026-02-01 11:23:18,608 - ERROR - خطأ HTTP: 400 - {"error":{"message":"Error validating access token: Session has expired on Saturday, 31-Jan-26 06:09:29 PST. The current time is Sunday, 01-Feb-26 03:23:18 PST.","type":"OAuthException","code":190,"error_subcode":463,"fbtrace_id":"AMylCJm3Zav7NZx9Za95M14"}}
2026-02-01 18:19:34,663 - INFO - ... بدء عملية النشر ...
2026-02-01 18:19:34,663 - INFO - 📖 النشر للصورة رقم: 124
2026-02-01 18:19:34,663 - INFO - 📝 التعليق (جزء): ورد القرآن اليومي، صفحة 124

'اللهم اجعلنا ممن يقي...
2026-02-01 18:19:35,281 - ERROR - خطأ HTTP: 400 - {"error":{"message":"Error validating access token: Session has expired on Saturday, 31-Jan-26 06:09:29 PST. The current time is Sunday, 01-Feb-26 10:19:35 PST.","type":"OAuthException","code":190,"error_subcode":463,"fbtrace_id":"A9vbGWZur4fcdtZn5wu90d3"}}
2026-02-02 11:36:48,244 - INFO - ... بدء عملية النشر ...
2026-02-02 11:36:48,244 - INFO - 📖 النشر للصورة رقم: 124
2026-02-02 11:36:48,245 - INFO - 📝 التعليق (جزء): ورد القرآن اليومي، صفحة 124

'قال عمر بن الخطاب رض...
2026-02-02 11:36:49,408 - ERROR - خطأ HTTP: 400 - {"error":{"message":"Error validating access token: Session has expired on Saturday, 31-Jan-26 06:09:29 PST. The current time is Monday, 02-Feb-26 03:36:49 PST.","type":"OAuthException","code":190,"error_subcode":463,"fbtrace_id":"AWdZ51lF4__K1ofW2S2V_zE"}}
2026-02-02 18:29:37,406 - INFO - ... بدء عملية النشر ...
2026-02-02 18:29:37,406 - INFO - 📖 النشر للصورة رقم: 124
2026-02-02 18:29:37,406 - INFO - 📝 التعليق (جزء): ورد القرآن اليومي، صفحة 124

'اللهم ألبسنا به الحل...
2026-02-02 18:29:38,775 - ERROR - خطأ HTTP: 400 - {"error":{"message":"Error validating access token: Session has expired on Saturday, 31-Jan-26 06:09:29 PST. The current time is Monday, 02-Feb-26 10:29:38 PST.","type":"OAuthException","code":190,"error_subcode":463,"fbtrace_id":"A7P1y6csWhccwESTHpH7iFy"}}
2026-02-03 11:35:42,662 - INFO - ... بدء عملية النشر ...
2026-02-03 11:35:42,662 - INFO - 📖 النشر للصورة رقم: 124
2026-02-03 11:35:42,662 - INFO - 📝 التعليق (جزء): ورد القرآن اليومي، صفحة 124

'اللهم ارزقنا فهم الق...
2026-02-03 11:35:42,867 - ERROR - خطأ HTTP: 400 - {"error":{"message":"Error validating access token: Session has expired on Saturday, 31-Jan-26 06:09:29 PST. The current time is Tuesday, 03-Feb-26 03:35:42 PST.","type":"OAuthException","code":190,"error_subcode":463,"fbtrace_id":"ATnLCX5uLHvTI4bYCUmT3FM"}}
2026-02-03 18:41:17,456 - INFO - ... بدء عملية النشر ...
2026-02-03 18:41:17,456 - INFO - 📖 النشر للصورة رقم: 124
2026-02-03 18:41:17,456 - INFO - 📝 التعليق (جزء): ورد القرآن اليومي، صفحة 124

'قال الحسن البصري رحم...
2026-02-03 18:41:17,920 - ERROR - خطأ HTTP: 400 - {"error":{"message":"Error validating access token: Session has expired on Saturday, 31-Jan-26 06:09:29 PST. The current time is Tuesday, 03-Feb-26 10:41:17 PST.","type":"OAuthException","code":190,"error_subcode":463,"fbtrace_id":"AtQZok6_AP80JC3Sg1HleTI"}}
2026-02-04 11:34:23,158 - INFO - ... بدء عملية النشر ...
2026-02-04 11:34:23,159 - INFO - 📖 النشر للصورة رقم: 124
2026-02-04 11:34:23,159 - INFO - 📝 التعليق (جزء): ورد القرآن اليومي، صفحة 124

'قال ابن القيم رحمه ا...
2026-02-04 11:34:23,803 - ERROR - خطأ HTTP: 400 - {"error":{"message":"Error validating access token: Session has expired on Saturday, 31-Jan-26 06:09:29 PST. The current time is Wednesday, 04-Feb-26 03:34:23 PST.","type":"OAuthException","code":190,"error_subcode":463,"fbtrace_id":"A2o61HWIY-5crAlxKHrFpzH"}}
2026-02-04 18:34:35,452 - INFO - ... بدء عملية النشر ...
2026-02-04 18:34:35,452 - INFO - 📖 النشر للصورة رقم: 124
2026-02-04 18:34:35,453 - INFO - 📝 التعليق (جزء): ورد القرآن اليومي، صفحة 124

'﴿لَوْ أَنزَلْنَا هَٰ...
2026-02-04 18:34:35,921 - ERROR - خطأ HTTP: 400 - {"error":{"message":"Error validating access token: Session has expired on Saturday, 31-Jan-26 06:09:29 PST. The current time is Wednesday, 04-Feb-26 10:34:35 PST.","type":"OAuthException","code":190,"error_subcode":463,"fbtrace_id":"AYjbQl2NYDUuTw42g0PcyEO"}}
2026-02-05 11:36:39,571 - INFO - ... بدء عملية النشر ...
2026-02-05 11:36:39,571 - INFO - 📖 النشر للصورة رقم: 124
2026-02-05 11:36:39,571 - INFO - 📝 التعليق (جزء): ورد القرآن اليومي، صفحة 124

'قال عبد الله بن مسعو...
2026-02-05 11:36:39,967 - ERROR - خطأ HTTP: 400 - {"error":{"message":"Error validating access token: Session has expired on Saturday, 31-Jan-26 06:09:29 PST. The current time is Thursday, 05-Feb-26 03:36:39 PST.","type":"OAuthException","code":190,"error_subcode":463,"fbtrace_id":"AZLh3tZ52pwwDVrZc-cIttP"}}
2026-02-05 18:35:38,189 - INFO - ... بدء عملية النشر ...
2026-02-05 18:35:38,190 - INFO - 📖 النشر للصورة رقم: 124
2026-02-05 18:35:38,190 - INFO - 📝 التعليق (جزء): ورد القرآن اليومي، صفحة 124

'قال الحسن البصري رحم...
2026-02-05 18:35:45,273 - INFO - رد API: {'id': '122162578244944652', 'post_id': '770184126170284_122162578268944652'}
2026-02-05 18:35:45,274 - INFO - ✅ نشر ناجح! https://facebook.com/770184126170284_122162578268944652
2026-02-06 11:35:15,264 - INFO - Starting publishing process...
2026-02-06 11:35:15,265 - INFO - All duaas used. Resetting list.
2026-02-06 11:35:15,265 - INFO - Publishing page: 125
2026-02-06 11:35:15,265 - INFO - Caption snippet: ورد القرآن اليومي، صفحة 125

'قال الحسن البصري رحم...
2026-02-06 11:35:19,905 - INFO - API Response: {'id': '122162714828944652', 'post_id': '770184126170284_122162714858944652'}
2026-02-06 11:35:19,906 - INFO - Success! https://facebook.com/770184126170284_122162714858944652
2026-02-06 19:50:17,581 - INFO - Starting publishing process...
2026-02-06 19:50:17,581 - INFO - Publishing page: 126
2026-02-06 19:50:17,581 - INFO - Caption snippet: ورد القرآن اليومي، صفحة 126

'قال رسول الله ﷺ: «اق...
2026-02-06 19:50:25,490 - INFO - API Response: {'id': '122162793560944652', 'post_id': '770184126170284_122162793584944652'}
2026-02-06 19:50:25,490 - INFO - Success! https://facebook.com/770184126170284_122162793584944652
2026-02-07 11:43:06,622 - INFO - Starting publishing process...
2026-02-07 11:43:06,622 - INFO - Publishing page: 127
2026-02-07 11:43:06,622 - INFO - Caption snippet: ورد القرآن اليومي، صفحة 127

'اللهم اجعل القرآن لن...
2026-02-07 11:43:10,989 - INFO - API Response: {'id': '122162897852944652', 'post_id': '770184126170284_122162897876944652'}
2026-02-07 11:43:10,989 - INFO - Success! https://facebook.com/770184126170284_122162897876944652
2026-02-07 19:03:56,118 - INFO - Starting publishing process...
2026-02-07 19:03:56,118 - INFO - Publishing page: 128
2026-02-07 19:03:56,119 - INFO - Caption snippet: ورد القرآن اليومي، صفحة 128

'اللهم اجعلنا ممن يحل...
2026-02-07 19:04:00,093 - INFO - API Response: {'id': '122162971022944652', 'post_id': '770184126170284_122162971046944652'}
2026-02-07 19:04:00,094 - INFO - Success! https://facebook.com/770184126170284_122162971046944652
2026-02-08 11:44:35,974 - INFO - Starting publishing process...
2026-02-08 11:44:35,974 - INFO - Publishing page: 129
2026-02-08 11:44:35,975 - INFO - Caption snippet: ورد القرآن اليومي، صفحة 129

'اللهم اجعل القرآن ال...
2026-02-08 11:44:43,117 - INFO - API Response: {'id': '122163093938944652', 'post_id': '770184126170284_122163094004944652'}
2026-02-08 11:44:43,117 - INFO - Success! https://facebook.com/770184126170284_122163094004944652
2026-02-08 19:05:34,098 - INFO - Starting publishing process...
2026-02-08 19:05:34,098 - INFO - Publishing page: 130
2026-02-08 19:05:34,098 - INFO - Caption snippet: ورد القرآن اليومي، صفحة 130

'قال ابن القيم رحمه ا...
2026-02-08 19:05:37,652 - INFO - API Response: {'id': '122163154172944652', 'post_id': '770184126170284_122163154196944652'}
2026-02-08 19:05:37,653 - INFO - Success! https://facebook.com/770184126170284_122163154196944652
2026-02-09 14:37:54,072 - INFO - Starting publishing process...
2026-02-09 14:37:54,072 - INFO - Publishing page: 131
2026-02-09 14:37:54,072 - INFO - Caption snippet: ورد القرآن اليومي، صفحة 131

'اللهم ألبسنا به الحل...
2026-02-09 14:37:57,902 - INFO - API Response: {'id': '122163293432944652', 'post_id': '770184126170284_122163293456944652'}
2026-02-09 14:37:57,903 - INFO - Success! https://facebook.com/770184126170284_122163293456944652
2026-02-09 20:06:22,941 - INFO - Starting publishing process...
2026-02-09 20:06:22,941 - INFO - Publishing page: 132
2026-02-09 20:06:22,941 - INFO - Caption snippet: ورد القرآن اليومي، صفحة 132

'﴿كِتَابٌ أَنزَلْنَاه...
2026-02-09 20:06:27,873 - INFO - API Response: {'id': '122163335480944652', 'post_id': '770184126170284_122163335510944652'}
2026-02-09 20:06:27,874 - INFO - Success! https://facebook.com/770184126170284_122163335510944652
2026-02-10 14:46:03,849 - INFO - Starting publishing process...
2026-02-10 14:46:03,849 - INFO - Publishing page: 133
2026-02-10 14:46:03,849 - INFO - Caption snippet: ورد القرآن اليومي، صفحة 133

'اللهم اجعلنا من أهل ...
2026-02-10 14:46:08,122 - INFO - API Response: {'id': '122163477110944652', 'post_id': '770184126170284_122163477134944652'}
2026-02-10 14:46:08,123 - INFO - Success! https://facebook.com/770184126170284_122163477134944652
2026-02-10 20:07:52,672 - INFO - Starting publishing process...
2026-02-10 20:07:52,672 - INFO - Publishing page: 134
2026-02-10 20:07:52,672 - INFO - Caption snippet: ورد القرآن اليومي، صفحة 134

'قال رسول الله ﷺ: «خَ...
2026-02-10 20:07:57,788 - INFO - API Response: {'id': '122163520946944652', 'post_id': '770184126170284_122163520970944652'}
2026-02-10 20:07:57,789 - INFO - Success! https://facebook.com/770184126170284_122163520970944652
2026-02-11 14:39:38,185 - INFO - Starting publishing process...
2026-02-11 14:39:38,185 - INFO - Publishing page: 135
2026-02-11 14:39:38,185 - INFO - Caption snippet: ورد القرآن اليومي، صفحة 135

'قال عمر بن الخطاب رض...
2026-02-11 14:39:41,863 - INFO - API Response: {'id': '122163665210944652', 'post_id': '770184126170284_122163665234944652'}
2026-02-11 14:39:41,864 - INFO - Success! https://facebook.com/770184126170284_122163665234944652
2026-02-11 20:00:29,620 - INFO - Starting publishing process...
2026-02-11 20:00:29,620 - INFO - Publishing page: 136
2026-02-11 20:00:29,621 - INFO - Caption snippet: ورد القرآن اليومي، صفحة 136

'اللهم شفع فينا القرآ...
2026-02-11 20:00:34,356 - INFO - API Response: {'id': '122163709244944652', 'post_id': '770184126170284_122163709268944652'}
2026-02-11 20:00:34,356 - INFO - Success! https://facebook.com/770184126170284_122163709268944652
2026-02-12 12:06:09,020 - INFO - Starting publishing process...
2026-02-12 12:06:09,021 - INFO - Publishing page: 137
2026-02-12 12:06:09,021 - INFO - Caption snippet: ورد القرآن اليومي، صفحة 137

'قال خباب بن الأرت رض...
2026-02-12 12:06:23,507 - INFO - API Response: {'id': '122163821198944652', 'post_id': '770184126170284_122163821228944652'}
2026-02-12 12:06:23,508 - INFO - Success! https://facebook.com/770184126170284_122163821228944652
2026-02-12 19:54:02,609 - INFO - Starting publishing process...
2026-02-12 19:54:02,609 - INFO - Publishing page: 138
2026-02-12 19:54:02,609 - INFO - Caption snippet: ورد القرآن اليومي، صفحة 138

'قال رسول الله ﷺ: «إن...
2026-02-12 19:54:07,875 - INFO - API Response: {'id': '122163884120944652', 'post_id': '770184126170284_122163884144944652'}
2026-02-12 19:54:07,875 - INFO - Success! https://facebook.com/770184126170284_122163884144944652
2026-02-13 11:57:31,164 - INFO - Starting publishing process...
2026-02-13 11:57:31,164 - INFO - Publishing page: 139
2026-02-13 11:57:31,164 - INFO - Caption snippet: ورد القرآن اليومي، صفحة 139

'اللهم ذكرنا من القرآ...
2026-02-13 11:57:36,734 - INFO - API Response: {'id': '122164005128944652', 'post_id': '770184126170284_122164005152944652'}
2026-02-13 11:57:36,734 - INFO - Success! https://facebook.com/770184126170284_122164005152944652
2026-02-13 19:54:31,245 - INFO - Starting publishing process...
2026-02-13 19:54:31,245 - INFO - Publishing page: 140
2026-02-13 19:54:31,245 - INFO - Caption snippet: ورد القرآن اليومي، صفحة 140

'﴿اللَّهُ نَزَّلَ أَح...
2026-02-13 19:54:34,933 - INFO - API Response: {'id': '122164073876944652', 'post_id': '770184126170284_122164073900944652'}
2026-02-13 19:54:34,994 - INFO - Success! https://facebook.com/770184126170284_122164073900944652
2026-02-14 11:44:34,463 - INFO - Starting publishing process...
2026-02-14 11:44:34,464 - INFO - Publishing page: 141
2026-02-14 11:44:34,464 - INFO - Caption snippet: ورد القرآن اليومي، صفحة 141

'﴿أَفَلَا يَتَدَبَّرُ...
2026-02-14 11:44:39,549 - INFO - API Response: {'id': '122164182440944652', 'post_id': '770184126170284_122164182494944652'}
2026-02-14 11:44:39,549 - INFO - Success! https://facebook.com/770184126170284_122164182494944652
2026-02-14 19:03:23,396 - INFO - Starting publishing process...
2026-02-14 19:03:23,397 - INFO - Publishing page: 142
2026-02-14 19:03:23,397 - INFO - Caption snippet: ورد القرآن اليومي، صفحة 142

'اللهم ارزقنا فهم الق...
2026-02-14 19:03:26,971 - INFO - API Response: {'id': '122164235528944652', 'post_id': '770184126170284_122164235558944652'}
2026-02-14 19:03:26,971 - INFO - Success! https://facebook.com/770184126170284_122164235558944652
2026-02-15 11:24:48,494 - INFO - Starting publishing process...
2026-02-15 11:24:48,495 - INFO - Publishing page: 143
2026-02-15 11:24:48,495 - INFO - Caption snippet: ورد القرآن اليومي، صفحة 143

'﴿إِنَّ هَٰذَا الْقُر...
2026-02-15 11:24:55,203 - INFO - API Response: {'id': '122164347308944652', 'post_id': '770184126170284_122164347350944652'}
2026-02-15 11:24:55,204 - INFO - Success! https://facebook.com/770184126170284_122164347350944652
2026-02-15 18:20:49,823 - INFO - Starting publishing process...
2026-02-15 18:20:49,823 - INFO - Publishing page: 144
2026-02-15 18:20:49,823 - INFO - Caption snippet: ورد القرآن اليومي، صفحة 144

'﴿وَنُنَزِّلُ مِنَ ال...
2026-02-15 18:20:54,110 - INFO - API Response: {'id': '122164405136944652', 'post_id': '770184126170284_122164405172944652'}
2026-02-15 18:20:54,111 - INFO - Success! https://facebook.com/770184126170284_122164405172944652
2026-02-16 11:41:53,657 - INFO - Starting publishing process...
2026-02-16 11:41:53,657 - INFO - Publishing page: 145
2026-02-16 11:41:53,657 - INFO - Caption snippet: ورد القرآن اليومي، صفحة 145

'اللهم اجعلنا ممن يقي...
2026-02-16 11:41:59,637 - INFO - API Response: {'id': '122164511498944652', 'post_id': '770184126170284_122164511540944652'}
2026-02-16 11:41:59,637 - INFO - Success! https://facebook.com/770184126170284_122164511540944652
2026-02-16 18:28:53,099 - INFO - Starting publishing process...
2026-02-16 18:28:53,099 - INFO - Publishing page: 146
2026-02-16 18:28:53,099 - INFO - Caption snippet: ورد القرآن اليومي، صفحة 146

'قال عثمان بن عفان رض...
2026-02-16 18:29:00,815 - INFO - API Response: {'id': '122164564328944652', 'post_id': '770184126170284_122164564364944652'}
2026-02-16 18:29:00,816 - INFO - Success! https://facebook.com/770184126170284_122164564364944652
2026-02-17 11:40:48,720 - INFO - Starting publishing process...
2026-02-17 11:40:48,720 - INFO - Publishing page: 147
2026-02-17 11:40:48,720 - INFO - Caption snippet: ورد القرآن اليومي، صفحة 147

'قال رسول الله ﷺ: «ال...
2026-02-17 11:40:52,032 - INFO - API Response: {'id': '122164683320944652', 'post_id': '770184126170284_122164683422944652'}
2026-02-17 11:40:52,033 - INFO - Success! https://facebook.com/770184126170284_122164683422944652
2026-02-17 18:42:02,563 - INFO - Starting publishing process...
2026-02-17 18:42:02,563 - INFO - Publishing page: 148
2026-02-17 18:42:02,563 - INFO - Caption snippet: ورد القرآن اليومي، صفحة 148

'قال رسول الله ﷺ: «يق...
2026-02-17 18:42:06,555 - INFO - API Response: {'id': '122164748768944652', 'post_id': '770184126170284_122164748792944652'}
2026-02-17 18:42:06,555 - INFO - Success! https://facebook.com/770184126170284_122164748792944652
2026-02-18 11:39:24,728 - INFO - Starting publishing process...
2026-02-18 11:39:24,729 - INFO - Publishing page: 149
2026-02-18 11:39:24,729 - INFO - Caption snippet: ورد القرآن اليومي، صفحة 149

'قال رسول الله ﷺ: «من...
2026-02-18 11:39:29,787 - INFO - API Response: {'id': '122164863206944652', 'post_id': '770184126170284_122164863236944652'}
2026-02-18 11:39:29,788 - INFO - Success! https://facebook.com/770184126170284_122164863236944652
2026-02-18 18:37:50,829 - INFO - Starting publishing process...
2026-02-18 18:37:50,829 - INFO - Publishing page: 150
2026-02-18 18:37:50,829 - INFO - Caption snippet: ورد القرآن اليومي، صفحة 150

'﴿لَوْ أَنزَلْنَا هَٰ...
2026-02-18 18:37:54,175 - INFO - API Response: {'id': '122164927946944652', 'post_id': '770184126170284_122164927970944652'}
2026-02-18 18:37:54,175 - INFO - Success! https://facebook.com/770184126170284_122164927970944652
2026-02-19 11:39:09,728 - INFO - Starting publishing process...
2026-02-19 11:39:09,729 - INFO - Publishing page: 151
2026-02-19 11:39:09,729 - INFO - Caption snippet: ورد القرآن اليومي، صفحة 151

'اللهم نور بالقرآن أب...
2026-02-19 11:39:14,584 - INFO - API Response: {'id': '122165032148944652', 'post_id': '770184126170284_122165032172944652'}
2026-02-19 11:39:14,584 - INFO - Success! https://facebook.com/770184126170284_122165032172944652
2026-02-19 18:39:09,243 - INFO - Starting publishing process...
2026-02-19 18:39:09,243 - INFO - Publishing page: 152
2026-02-19 18:39:09,243 - INFO - Caption snippet: ورد القرآن اليومي، صفحة 152

'قال عبد الله بن مسعو...
2026-02-19 18:39:15,702 - INFO - API Response: {'id': '122165092370944652', 'post_id': '770184126170284_122165092394944652'}
2026-02-19 18:39:15,703 - INFO - Success! https://facebook.com/770184126170284_122165092394944652
2026-02-20 11:34:05,667 - INFO - Starting publishing process...
2026-02-20 11:34:05,668 - INFO - All duaas used. Resetting list.
2026-02-20 11:34:05,668 - INFO - Publishing page: 153
2026-02-20 11:34:05,668 - INFO - Caption snippet: ورد القرآن اليومي، صفحة 153

'قال الحسن البصري رحم...
2026-02-20 11:34:10,714 - INFO - API Response: {'id': '122165233166944652', 'post_id': '770184126170284_122165233196944652'}
2026-02-20 11:34:10,714 - INFO - Success! https://facebook.com/770184126170284_122165233196944652
2026-02-20 18:31:52,015 - INFO - Starting publishing process...
2026-02-20 18:31:52,015 - INFO - Publishing page: 154
2026-02-20 18:31:52,015 - INFO - Caption snippet: ورد القرآن اليومي، صفحة 154

'قال رسول الله ﷺ: «إن...
2026-02-20 18:32:03,460 - INFO - API Response: {'id': '122165293796944652', 'post_id': '770184126170284_122165293826944652'}
2026-02-20 18:32:03,461 - INFO - Success! https://facebook.com/770184126170284_122165293826944652
2026-02-21 11:24:37,505 - INFO - Starting publishing process...
2026-02-21 11:24:37,505 - INFO - Publishing page: 155
2026-02-21 11:24:37,505 - INFO - Caption snippet: ورد القرآن اليومي، صفحة 155

'قال رسول الله ﷺ: «خَ...
2026-02-21 11:24:42,645 - INFO - API Response: {'id': '122165395406944652', 'post_id': '770184126170284_122165395430944652'}
2026-02-21 11:24:42,646 - INFO - Success! https://facebook.com/770184126170284_122165395430944652
2026-02-21 18:19:28,821 - INFO - Starting publishing process...
2026-02-21 18:19:28,821 - INFO - Publishing page: 156
2026-02-21 18:19:28,822 - INFO - Caption snippet: ورد القرآن اليومي، صفحة 156

'﴿وَنُنَزِّلُ مِنَ ال...
2026-02-21 18:19:33,575 - INFO - API Response: {'id': '122165449484944652', 'post_id': '770184126170284_122165449508944652'}
2026-02-21 18:19:33,575 - INFO - Success! https://facebook.com/770184126170284_122165449508944652
2026-02-22 11:23:35,036 - INFO - Starting publishing process...
2026-02-22 11:23:35,036 - INFO - Publishing page: 157
2026-02-22 11:23:35,036 - INFO - Caption snippet: ورد القرآن اليومي، صفحة 157

'اللهم شفع فينا القرآ...
2026-02-22 11:23:40,939 - INFO - API Response: {'id': '122165555018944652', 'post_id': '770184126170284_122165555048944652'}
2026-02-22 11:23:40,939 - INFO - Success! https://facebook.com/770184126170284_122165555048944652
2026-02-22 14:16:15,496 - INFO - Starting publishing process...
2026-02-22 14:16:15,497 - INFO - Publishing page: 158
2026-02-22 14:16:15,497 - INFO - Caption snippet: ورد القرآن اليومي، صفحة 158

'﴿أَفَلَا يَتَدَبَّرُ...
2026-02-22 14:16:16,072 - ERROR - HTTP Error: 403 - {"error":{"message":"(#200) This endpoint is deprecated since the required permission publish_actions is deprecated","type":"OAuthException","code":200,"fbtrace_id":"A33OoT_drPU-8vyuv1VeVtv"}}
2026-02-22 18:20:45,337 - INFO - Starting publishing process...
2026-02-22 18:20:45,337 - INFO - Publishing page: 158
2026-02-22 18:20:45,338 - INFO - Caption snippet: ورد القرآن اليومي، صفحة 158

'قال رسول الله ﷺ: «يق...
2026-02-22 18:20:46,186 - ERROR - HTTP Error: 403 - {"error":{"message":"(#200) This endpoint is deprecated since the required permission publish_actions is deprecated","type":"OAuthException","code":200,"fbtrace_id":"AiKTDKampsF1-a97_JJ4XMZ"}}
2026-02-23 11:36:25,612 - INFO - Starting publishing process...
2026-02-23 11:36:25,613 - INFO - Publishing page: 158
2026-02-23 11:36:25,613 - INFO - Caption snippet: ورد القرآن اليومي، صفحة 158

'قال رسول الله ﷺ: «يق...
2026-02-23 11:36:26,385 - ERROR - HTTP Error: 403 - {"error":{"message":"(#200) This endpoint is deprecated since the required permission publish_actions is deprecated","type":"OAuthException","code":200,"fbtrace_id":"AmmHjSirksRu1iURe_DY_zF"}}
2026-02-23 18:48:59,377 - INFO - Starting publishing process...
2026-02-23 18:48:59,378 - INFO - Publishing page: 158
2026-02-23 18:48:59,378 - INFO - Caption snippet: ورد القرآن اليومي، صفحة 158

'قال رسول الله ﷺ: «اق...
2026-02-23 18:49:00,245 - ERROR - HTTP Error: 403 - {"error":{"message":"(#200) This endpoint is deprecated since the required permission publish_actions is deprecated","type":"OAuthException","code":200,"fbtrace_id":"A5xyOyENUHryyisdRWHjBKr"}}
2026-02-24 11:36:55,221 - INFO - Starting publishing process...
2026-02-24 11:36:55,221 - INFO - Publishing page: 158
2026-02-24 11:36:55,221 - INFO - Caption snippet: ورد القرآن اليومي، صفحة 158

'﴿إِنَّ هَٰذَا الْقُر...
2026-02-24 11:36:56,818 - ERROR - HTTP Error: 403 - {"error":{"message":"(#200) This endpoint is deprecated since the required permission publish_actions is deprecated","type":"OAuthException","code":200,"fbtrace_id":"AgigB8UOGpCb5ZGbrqLuVo_"}}
2026-02-24 18:46:19,962 - INFO - Starting publishing process...
2026-02-24 18:46:19,962 - INFO - Publishing page: 158
2026-02-24 18:46:19,962 - INFO - Caption snippet: ورد القرآن اليومي، صفحة 158

'قال رسول الله ﷺ: «يق...
2026-02-24 18:46:20,466 - ERROR - HTTP Error: 403 - {"error":{"message":"(#200) This endpoint is deprecated since the required permission publish_actions is deprecated","type":"OAuthException","code":200,"fbtrace_id":"AyySXGrmHTu25cS5sm0T2Jj"}}
2026-02-25 11:36:53,159 - INFO - Starting publishing process...
2026-02-25 11:36:53,159 - INFO - Publishing page: 158
2026-02-25 11:36:53,159 - INFO - Caption snippet: ورد القرآن اليومي، صفحة 158

'﴿أَفَلَا يَتَدَبَّرُ...
2026-02-25 11:36:53,862 - ERROR - HTTP Error: 403 - {"error":{"message":"(#200) This endpoint is deprecated since the required permission publish_actions is deprecated","type":"OAuthException","code":200,"fbtrace_id":"A6IyQH6L8Ek_FcVxPb37lQA"}}
2026-02-25 18:52:32,790 - INFO - Starting publishing process...
2026-02-25 18:52:32,791 - INFO - Publishing page: 158
2026-02-25 18:52:32,791 - INFO - Caption snippet: ورد القرآن اليومي، صفحة 158

'﴿إِنَّ هَٰذَا الْقُر...
2026-02-25 18:52:33,821 - ERROR - HTTP Error: 403 - {"error":{"message":"(#200) This endpoint is deprecated since the required permission publish_actions is deprecated","type":"OAuthException","code":200,"fbtrace_id":"ASu9A_HzYEaPLTqROyW3x_u"}}
2026-02-26 11:36:10,298 - INFO - Starting publishing process...
2026-02-26 11:36:10,298 - INFO - Publishing page: 158
2026-02-26 11:36:10,299 - INFO - Caption snippet: ورد القرآن اليومي، صفحة 158

'اللهم ارزقنا فهم الق...
2026-02-26 11:36:11,440 - ERROR - HTTP Error: 403 - {"error":{"message":"(#200) This endpoint is deprecated since the required permission publish_actions is deprecated","type":"OAuthException","code":200,"fbtrace_id":"AWogwzvlll_eyiT3iT7d4cQ"}}
2026-02-26 18:38:04,209 - INFO - Starting publishing process...
2026-02-26 18:38:04,210 - INFO - Publishing page: 158
2026-02-26 18:38:04,210 - INFO - Caption snippet: ورد القرآن اليومي، صفحة 158

'قال عبد الله بن مسعو...
2026-02-26 18:38:05,287 - ERROR - HTTP Error: 403 - {"error":{"message":"(#200) This endpoint is deprecated since the required permission publish_actions is deprecated","type":"OAuthException","code":200,"fbtrace_id":"A6tA8cLropZ241dcVZz9Meg"}}
2026-02-27 11:28:02,658 - INFO - Starting publishing process...
2026-02-27 11:28:02,658 - INFO - Publishing page: 158
2026-02-27 11:28:02,658 - INFO - Caption snippet: ورد القرآن اليومي، صفحة 158

'قال عثمان بن عفان رض...
2026-02-27 11:28:03,508 - ERROR - HTTP Error: 403 - {"error":{"message":"(#200) This endpoint is deprecated since the required permission publish_actions is deprecated","type":"OAuthException","code":200,"fbtrace_id":"A8F2W_9RoMpf0PPKCPBEILW"}}
2026-02-27 18:27:17,143 - INFO - Starting publishing process...
2026-02-27 18:27:17,143 - INFO - Publishing page: 158
2026-02-27 18:27:17,143 - INFO - Caption snippet: ورد القرآن اليومي، صفحة 158

'اللهم ألبسنا به الحل...
2026-02-27 18:27:17,833 - ERROR - HTTP Error: 403 - {"error":{"message":"(#200) This endpoint is deprecated since the required permission publish_actions is deprecated","type":"OAuthException","code":200,"fbtrace_id":"AnedUamDF_QrCKZFsLk_yrY"}}
2026-02-28 11:14:21,580 - INFO - Starting publishing process...
2026-02-28 11:14:21,581 - INFO - Publishing page: 158
2026-02-28 11:14:21,581 - INFO - Caption snippet: ورد القرآن اليومي، صفحة 158

'اللهم اجعلنا ممن يحل...
2026-02-28 11:14:22,075 - ERROR - HTTP Error: 403 - {"error":{"message":"(#200) This endpoint is deprecated since the required permission publish_actions is deprecated","type":"OAuthException","code":200,"fbtrace_id":"AA_6_Ad-UCR88hHNnupXLQ5"}}
2026-02-28 18:18:49,868 - INFO - Starting publishing process...
2026-02-28 18:18:49,868 - INFO - Publishing page: 158
2026-02-28 18:18:49,868 - INFO - Caption snippet: ورد القرآن اليومي، صفحة 158

'قال رسول الله ﷺ: «من...
2026-02-28 18:18:50,440 - ERROR - HTTP Error: 403 - {"error":{"message":"(#200) This endpoint is deprecated since the required permission publish_actions is deprecated","type":"OAuthException","code":200,"fbtrace_id":"AI4GiCiD6WcpQiUCUUKXZiI"}}
2026-03-01 11:16:20,296 - INFO - Starting publishing process...
2026-03-01 11:16:20,296 - INFO - Publishing page: 158
2026-03-01 11:16:20,296 - INFO - Caption snippet: ورد القرآن اليومي، صفحة 158

'اللهم ارزقنا فهم الق...
2026-03-01 11:16:20,837 - ERROR - HTTP Error: 403 - {"error":{"message":"(#200) This endpoint is deprecated since the required permission publish_actions is deprecated","type":"OAuthException","code":200,"fbtrace_id":"AlcQML6G7v9oMm8l_vrl9L8"}}
2026-03-01 18:19:48,618 - INFO - Starting publishing process...
2026-03-01 18:19:48,619 - INFO - Publishing page: 158
2026-03-01 18:19:48,619 - INFO - Caption snippet: ورد القرآن اليومي، صفحة 158

'قال رسول الله ﷺ: «من...
2026-03-01 18:19:50,801 - ERROR - HTTP Error: 403 - {"error":{"message":"(#200) This endpoint is deprecated since the required permission publish_actions is deprecated","type":"OAuthException","code":200,"fbtrace_id":"AKu8BO1V6D5OGhzL6-Ni3bH"}}
2026-03-02 11:28:41,242 - INFO - Starting publishing process...
2026-03-02 11:28:41,242 - INFO - Publishing page: 158
2026-03-02 11:28:41,242 - INFO - Caption snippet: ورد القرآن اليومي، صفحة 158

'اللهم اجعلنا ممن يحل...
2026-03-02 11:28:42,038 - ERROR - HTTP Error: 403 - {"error":{"message":"(#200) This endpoint is deprecated since the required permission publish_actions is deprecated","type":"OAuthException","code":200,"fbtrace_id":"AnlPPzav0HQ9JUtW1nrOKAU"}}
2026-03-02 18:32:41,772 - INFO - Starting publishing process...
2026-03-02 18:32:41,772 - INFO - Publishing page: 158
2026-03-02 18:32:41,772 - INFO - Caption snippet: ورد القرآن اليومي، صفحة 158

'قال رسول الله ﷺ: «يق...
2026-03-02 18:32:42,816 - ERROR - HTTP Error: 403 - {"error":{"message":"(#200) This endpoint is deprecated since the required permission publish_actions is deprecated","type":"OAuthException","code":200,"fbtrace_id":"A-SgGSbaPiL8u_Z1rYdQ7am"}}
2026-03-03 11:28:17,136 - INFO - Starting publishing process...
2026-03-03 11:28:17,136 - INFO - Publishing page: 158
2026-03-03 11:28:17,136 - INFO - Caption snippet: ورد القرآن اليومي، صفحة 158

'اللهم ذكرنا من القرآ...
2026-03-03 11:28:17,871 - ERROR - HTTP Error: 403 - {"error":{"message":"(#200) This endpoint is deprecated since the required permission publish_actions is deprecated","type":"OAuthException","code":200,"fbtrace_id":"AYYc67dxosdxfqbTRRFd-5T"}}
2026-03-03 18:34:29,168 - INFO - Starting publishing process...
2026-03-03 18:34:29,168 - INFO - Publishing page: 158
2026-03-03 18:34:29,168 - INFO - Caption snippet: ورد القرآن اليومي، صفحة 158

'قال عثمان بن عفان رض...
2026-03-03 18:34:29,713 - ERROR - HTTP Error: 403 - {"error":{"message":"(#200) This endpoint is deprecated since the required permission publish_actions is deprecated","type":"OAuthException","code":200,"fbtrace_id":"Aw871BN9NLZIgFD6fcpTLV_"}}
2026-03-04 11:26:16,683 - INFO - Starting publishing process...
2026-03-04 11:26:16,684 - INFO - Publishing page: 158
2026-03-04 11:26:16,684 - INFO - Caption snippet: ورد القرآن اليومي، صفحة 158

'﴿اللَّهُ نَزَّلَ أَح...
2026-03-04 11:26:17,622 - ERROR - HTTP Error: 403 - {"error":{"message":"(#200) This endpoint is deprecated since the required permission publish_actions is deprecated","type":"OAuthException","code":200,"fbtrace_id":"AzGCtoDLuIpkb4v6zHmbhAl"}}
2026-03-04 18:34:08,807 - INFO - Starting publishing process...
2026-03-04 18:34:08,808 - INFO - Publishing page: 158
2026-03-04 18:34:08,808 - INFO - Caption snippet: ورد القرآن اليومي، صفحة 158

'قال عبد الله بن مسعو...
2026-03-04 18:34:09,496 - ERROR - HTTP Error: 403 - {"error":{"message":"(#200) This endpoint is deprecated since the required permission publish_actions is deprecated","type":"OAuthException","code":200,"fbtrace_id":"AzFQBwxAw1ePZ7Yg60t2Np9"}}
2026-03-05 11:29:43,043 - INFO - Starting publishing process...
2026-03-05 11:29:43,044 - INFO - Publishing page: 158
2026-03-05 11:29:43,044 - INFO - Caption snippet: ورد القرآن اليومي، صفحة 158

'اللهم اجعل القرآن ال...
2026-03-05 11:29:43,965 - ERROR - HTTP Error: 403 - {"error":{"message":"(#200) This endpoint is deprecated since the required permission publish_actions is deprecated","type":"OAuthException","code":200,"fbtrace_id":"AF6V5aIvNi3Km58zDFvCAox"}}
2026-03-05 19:11:56,546 - INFO - Starting publishing process...
2026-03-05 19:11:56,547 - INFO - Publishing page: 158
2026-03-05 19:11:56,547 - INFO - Caption snippet: ورد القرآن اليومي، صفحة 158

'قال رسول الله ﷺ: «من...
2026-03-05 19:11:57,293 - ERROR - HTTP Error: 403 - {"error":{"message":"(#200) This endpoint is deprecated since the required permission publish_actions is deprecated","type":"OAuthException","code":200,"fbtrace_id":"AIok9sE3OppGivrXR1uMv61"}}
2026-03-06 11:24:35,122 - INFO - Starting publishing process...
2026-03-06 11:24:35,122 - INFO - Publishing page: 158
2026-03-06 11:24:35,122 - INFO - Caption snippet: ورد القرآن اليومي، صفحة 158

'قال عمر بن الخطاب رض...
2026-03-06 11:24:35,765 - ERROR - HTTP Error: 403 - {"error":{"message":"(#200) This endpoint is deprecated since the required permission publish_actions is deprecated","type":"OAuthException","code":200,"fbtrace_id":"ATARxkOEC69lvhyTQ3dsKxR"}}
2026-03-06 18:30:46,456 - INFO - Starting publishing process...
2026-03-06 18:30:46,457 - INFO - Publishing page: 158
2026-03-06 18:30:46,457 - INFO - Caption snippet: ورد القرآن اليومي، صفحة 158

'اللهم اجعلنا من أهل ...
2026-03-06 18:30:47,075 - ERROR - HTTP Error: 403 - {"error":{"message":"(#200) This endpoint is deprecated since the required permission publish_actions is deprecated","type":"OAuthException","code":200,"fbtrace_id":"AqX18e6PTFyXUquIMFRhHRe"}}
2026-03-07 11:15:32,939 - INFO - Starting publishing process...
2026-03-07 11:15:32,939 - INFO - Publishing page: 158
2026-03-07 11:15:32,939 - INFO - Caption snippet: ورد القرآن اليومي، صفحة 158

'قال رسول الله ﷺ: «اق...
2026-03-07 11:15:33,906 - ERROR - HTTP Error: 403 - {"error":{"message":"(#200) This endpoint is deprecated since the required permission publish_actions is deprecated","type":"OAuthException","code":200,"fbtrace_id":"Af2kFfuvPRM4QxRPfbGe0PH"}}
2026-03-07 18:19:41,994 - INFO - Starting publishing process...
2026-03-07 18:19:41,995 - INFO - Publishing page: 158
2026-03-07 18:19:41,995 - INFO - Caption snippet: ورد القرآن اليومي، صفحة 158

'قال رسول الله ﷺ: «اق...
2026-03-07 18:19:42,934 - ERROR - HTTP Error: 403 - {"error":{"message":"(#200) This endpoint is deprecated since the required permission publish_actions is deprecated","type":"OAuthException","code":200,"fbtrace_id":"AI4PK0mxiuSqPrLzrA0n3tk"}}
2026-03-08 11:16:55,240 - INFO - Starting publishing process...
2026-03-08 11:16:55,240 - INFO - Publishing page: 158
2026-03-08 11:16:55,240 - INFO - Caption snippet: ورد القرآن اليومي، صفحة 158

'قال رسول الله ﷺ: «يق...
2026-03-08 11:16:56,274 - ERROR - HTTP Error: 403 - {"error":{"message":"(#200) This endpoint is deprecated since the required permission publish_actions is deprecated","type":"OAuthException","code":200,"fbtrace_id":"A3xZOHTv9ZQAru5R9UroifO"}}
2026-03-08 18:19:52,672 - INFO - Starting publishing process...
2026-03-08 18:19:52,673 - INFO - Publishing page: 158
2026-03-08 18:19:52,673 - INFO - Caption snippet: ورد القرآن اليومي، صفحة 158

'قال خباب بن الأرت رض...
2026-03-08 18:19:53,503 - ERROR - HTTP Error: 403 - {"error":{"message":"(#200) This endpoint is deprecated since the required permission publish_actions is deprecated","type":"OAuthException","code":200,"fbtrace_id":"An307CwseVwo9xoTLhdqzuX"}}
2026-03-09 11:31:17,533 - INFO - Starting publishing process...
2026-03-09 11:31:17,533 - INFO - Publishing page: 158
2026-03-09 11:31:17,533 - INFO - Caption snippet: ورد القرآن اليومي، صفحة 158

'﴿كِتَابٌ أَنزَلْنَاه...
2026-03-09 11:31:18,277 - ERROR - HTTP Error: 403 - {"error":{"message":"(#200) This endpoint is deprecated since the required permission publish_actions is deprecated","type":"OAuthException","code":200,"fbtrace_id":"AytWmLI_EILZXWFTawZs5Uy"}}
2026-03-09 18:37:52,786 - INFO - Starting publishing process...
2026-03-09 18:37:52,786 - INFO - Publishing page: 158
2026-03-09 18:37:52,786 - INFO - Caption snippet: ورد القرآن اليومي، صفحة 158

'قال خباب بن الأرت رض...
2026-03-09 18:37:53,133 - ERROR - HTTP Error: 403 - {"error":{"message":"(#200) This endpoint is deprecated since the required permission publish_actions is deprecated","type":"OAuthException","code":200,"fbtrace_id":"AAi6I0vWpbdcfTettgJPyjq"}}
2026-03-10 11:28:50,229 - INFO - Starting publishing process...
2026-03-10 11:28:50,229 - INFO - Publishing page: 158
2026-03-10 11:28:50,229 - INFO - Caption snippet: ورد القرآن اليومي، صفحة 158

'﴿لَوْ أَنزَلْنَا هَٰ...
2026-03-10 11:28:51,499 - ERROR - HTTP Error: 403 - {"error":{"message":"(#200) This endpoint is deprecated since the required permission publish_actions is deprecated","type":"OAuthException","code":200,"fbtrace_id":"AIuLg2EBgmysspJfUnYRWB2"}}
2026-03-10 18:35:06,452 - INFO - Starting publishing process...
2026-03-10 18:35:06,452 - INFO - Publishing page: 158
2026-03-10 18:35:06,452 - INFO - Caption snippet: ورد القرآن اليومي، صفحة 158

'﴿إِنَّ هَٰذَا الْقُر...
2026-03-10 18:35:07,214 - ERROR - HTTP Error: 403 - {"error":{"message":"(#200) This endpoint is deprecated since the required permission publish_actions is deprecated","type":"OAuthException","code":200,"fbtrace_id":"A5gsuEYQ57UQd2awWC7rbVn"}}
2026-03-11 11:28:57,791 - INFO - Starting publishing process...
2026-03-11 11:28:57,791 - INFO - Publishing page: 158
2026-03-11 11:28:57,791 - INFO - Caption snippet: ورد القرآن اليومي، صفحة 158

'قال رسول الله ﷺ: «اق...
2026-03-11 11:28:58,665 - ERROR - HTTP Error: 403 - {"error":{"message":"(#200) This endpoint is deprecated since the required permission publish_actions is deprecated","type":"OAuthException","code":200,"fbtrace_id":"A5l_X0j97tzJKi2yWxRmyXP"}}
2026-03-11 18:40:29,113 - INFO - Starting publishing process...
2026-03-11 18:40:29,113 - INFO - Publishing page: 158
2026-03-11 18:40:29,113 - INFO - Caption snippet: ورد القرآن اليومي، صفحة 158

'قال عبد الله بن مسعو...
2026-03-11 18:40:29,544 - ERROR - HTTP Error: 403 - {"error":{"message":"(#200) This endpoint is deprecated since the required permission publish_actions is deprecated","type":"OAuthException","code":200,"fbtrace_id":"AzH71YMSFDN9FB4MyB9bzZL"}}
2026-03-12 11:28:31,363 - INFO - Starting publishing process...
2026-03-12 11:28:31,363 - INFO - Publishing page: 158
2026-03-12 11:28:31,363 - INFO - Caption snippet: ورد القرآن اليومي، صفحة 158

'اللهم ارزقنا فهم الق...
2026-03-12 11:28:31,957 - ERROR - HTTP Error: 403 - {"error":{"message":"(#200) This endpoint is deprecated since the required permission publish_actions is deprecated","type":"OAuthException","code":200,"fbtrace_id":"A7XoUIyWEP_JmkkHkcTAyRS"}}
2026-03-12 18:41:50,715 - INFO - Starting publishing process...
2026-03-12 18:41:50,715 - INFO - Publishing page: 158
2026-03-12 18:41:50,716 - INFO - Caption snippet: ورد القرآن اليومي، صفحة 158

'﴿لَوْ أَنزَلْنَا هَٰ...
2026-03-12 18:41:51,641 - ERROR - HTTP Error: 403 - {"error":{"message":"(#200) This endpoint is deprecated since the required permission publish_actions is deprecated","type":"OAuthException","code":200,"fbtrace_id":"AlpZVSAXd9BiAgE3fFFt_nI"}}
2026-03-13 11:26:44,265 - INFO - Starting publishing process...
2026-03-13 11:26:44,265 - INFO - Publishing page: 158
2026-03-13 11:26:44,266 - INFO - Caption snippet: ورد القرآن اليومي، صفحة 158

'قال عمر بن الخطاب رض...
2026-03-13 11:26:44,898 - ERROR - HTTP Error: 403 - {"error":{"message":"(#200) This endpoint is deprecated since the required permission publish_actions is deprecated","type":"OAuthException","code":200,"fbtrace_id":"AbO_mhBS09EwrVfJYU3ESTP"}}
2026-03-13 18:28:08,770 - INFO - Starting publishing process...
2026-03-13 18:28:08,771 - INFO - Publishing page: 158
2026-03-13 18:28:08,771 - INFO - Caption snippet: ورد القرآن اليومي، صفحة 158

'قال خباب بن الأرت رض...
2026-03-13 18:28:10,408 - ERROR - HTTP Error: 403 - {"error":{"message":"(#200) This endpoint is deprecated since the required permission publish_actions is deprecated","type":"OAuthException","code":200,"fbtrace_id":"Awl_Hz8eHWXOW10azMGvDFJ"}}
2026-03-14 11:19:16,405 - INFO - Starting publishing process...
2026-03-14 11:19:16,405 - INFO - Publishing page: 158
2026-03-14 11:19:16,405 - INFO - Caption snippet: ورد القرآن اليومي، صفحة 158

'﴿اللَّهُ نَزَّلَ أَح...
2026-03-14 11:19:16,900 - ERROR - HTTP Error: 403 - {"error":{"message":"(#200) This endpoint is deprecated since the required permission publish_actions is deprecated","type":"OAuthException","code":200,"fbtrace_id":"A59BJd1Yu7QkvPy6AByKxnq"}}
2026-03-14 18:22:58,086 - INFO - Starting publishing process...
2026-03-14 18:22:58,086 - INFO - Publishing page: 158
2026-03-14 18:22:58,086 - INFO - Caption snippet: ورد القرآن اليومي، صفحة 158

'اللهم اجعل القرآن لن...
2026-03-14 18:22:58,778 - ERROR - HTTP Error: 403 - {"error":{"message":"(#200) This endpoint is deprecated since the required permission publish_actions is deprecated","type":"OAuthException","code":200,"fbtrace_id":"ASg_YeX7MBS4fKoagroeVHq"}}
2026-03-15 11:21:41,100 - INFO - Starting publishing process...
2026-03-15 11:21:41,100 - INFO - Publishing page: 158
2026-03-15 11:21:41,100 - INFO - Caption snippet: ورد القرآن اليومي، صفحة 158

'قال خباب بن الأرت رض...
2026-03-15 11:21:42,116 - ERROR - HTTP Error: 403 - {"error":{"message":"(#200) This endpoint is deprecated since the required permission publish_actions is deprecated","type":"OAuthException","code":200,"fbtrace_id":"ANNQsh8638S3IPatZYriO5e"}}
2026-03-15 18:24:45,645 - INFO - Starting publishing process...
2026-03-15 18:24:45,646 - INFO - Publishing page: 158
2026-03-15 18:24:45,646 - INFO - Caption snippet: ورد القرآن اليومي، صفحة 158

'﴿لَوْ أَنزَلْنَا هَٰ...
2026-03-15 18:24:47,594 - ERROR - HTTP Error: 403 - {"error":{"message":"(#200) This endpoint is deprecated since the required permission publish_actions is deprecated","type":"OAuthException","code":200,"fbtrace_id":"ACLCyltosmhjV6qYt-xrYXA"}}
2026-03-16 11:42:23,241 - INFO - Starting publishing process...
2026-03-16 11:42:23,242 - INFO - Publishing page: 158
2026-03-16 11:42:23,242 - INFO - Caption snippet: ورد القرآن اليومي، صفحة 158

'اللهم ذكرنا من القرآ...
2026-03-16 11:42:23,983 - ERROR - HTTP Error: 403 - {"error":{"message":"(#200) This endpoint is deprecated since the required permission publish_actions is deprecated","type":"OAuthException","code":200,"fbtrace_id":"A5EssSqUSLc0mYnDBRaGh6N"}}
2026-03-16 18:47:16,774 - INFO - Starting publishing process...
2026-03-16 18:47:16,775 - INFO - Publishing page: 158
2026-03-16 18:47:16,775 - INFO - Caption snippet: ورد القرآن اليومي، صفحة 158

'﴿اللَّهُ نَزَّلَ أَح...
2026-03-16 18:47:17,225 - ERROR - HTTP Error: 403 - {"error":{"message":"(#200) This endpoint is deprecated since the required permission publish_actions is deprecated","type":"OAuthException","code":200,"fbtrace_id":"AbTOeqiKouAd2lSJ6su020H"}}
2026-03-17 11:40:01,601 - INFO - Starting publishing process...
2026-03-17 11:40:01,601 - INFO - Publishing page: 158
2026-03-17 11:40:01,601 - INFO - Caption snippet: ورد القرآن اليومي، صفحة 158

'﴿أَفَلَا يَتَدَبَّرُ...
2026-03-17 11:40:02,438 - ERROR - HTTP Error: 403 - {"error":{"message":"(#200) This endpoint is deprecated since the required permission publish_actions is deprecated","type":"OAuthException","code":200,"fbtrace_id":"AOKy-65Q9ZXAcspyDsjOsrj"}}
2026-03-17 18:46:32,863 - INFO - Starting publishing process...
2026-03-17 18:46:32,864 - INFO - Publishing page: 158
2026-03-17 18:46:32,864 - INFO - Caption snippet: ورد القرآن اليومي، صفحة 158

'اللهم اجعلنا من أهل ...
2026-03-17 18:46:33,223 - ERROR - HTTP Error: 403 - {"error":{"message":"(#200) This endpoint is deprecated since the required permission publish_actions is deprecated","type":"OAuthException","code":200,"fbtrace_id":"AHv5M0uHjtQsyaYPLaYQfHw"}}
2026-03-18 11:41:26,682 - INFO - Starting publishing process...
2026-03-18 11:41:26,683 - INFO - Publishing page: 158
2026-03-18 11:41:26,683 - INFO - Caption snippet: ورد القرآن اليومي، صفحة 158

'اللهم ألبسنا به الحل...
2026-03-18 11:41:27,400 - ERROR - HTTP Error: 403 - {"error":{"message":"(#200) This endpoint is deprecated since the required permission publish_actions is deprecated","type":"OAuthException","code":200,"fbtrace_id":"AccULW4aMlwb0hLWa7E5-xA"}}
2026-03-18 18:44:02,670 - INFO - Starting publishing process...
2026-03-18 18:44:02,671 - INFO - Publishing page: 158
2026-03-18 18:44:02,671 - INFO - Caption snippet: ورد القرآن اليومي، صفحة 158

'اللهم اجعل القرآن ال...
2026-03-18 18:44:03,236 - ERROR - HTTP Error: 403 - {"error":{"message":"(#200) This endpoint is deprecated since the required permission publish_actions is deprecated","type":"OAuthException","code":200,"fbtrace_id":"AOtvZwuOP4ZgonjMtt1L7i-"}}
2026-03-19 11:31:28,132 - INFO - Starting publishing process...
2026-03-19 11:31:28,133 - INFO - Publishing page: 158
2026-03-19 11:31:28,133 - INFO - Caption snippet: ورد القرآن اليومي، صفحة 158

'اللهم اجعلنا ممن يقي...
2026-03-19 11:31:28,498 - ERROR - HTTP Error: 403 - {"error":{"message":"(#200) This endpoint is deprecated since the required permission publish_actions is deprecated","type":"OAuthException","code":200,"fbtrace_id":"AI0wmFzDus5Y6dYE663_QNF"}}
2026-03-19 18:41:38,426 - INFO - Starting publishing process...
2026-03-19 18:41:38,427 - INFO - Publishing page: 158
2026-03-19 18:41:38,427 - INFO - Caption snippet: ورد القرآن اليومي، صفحة 158

'قال عبد الله بن مسعو...
2026-03-19 18:41:39,073 - ERROR - HTTP Error: 403 - {"error":{"message":"(#200) This endpoint is deprecated since the required permission publish_actions is deprecated","type":"OAuthException","code":200,"fbtrace_id":"AZ3V_cN20OIyfZIRvht741T"}}
2026-03-20 11:27:05,415 - INFO - Starting publishing process...
2026-03-20 11:27:05,416 - INFO - Publishing page: 158
2026-03-20 11:27:05,416 - INFO - Caption snippet: ورد القرآن اليومي، صفحة 158

'قال ابن القيم رحمه ا...
2026-03-20 11:27:06,431 - ERROR - HTTP Error: 403 - {"error":{"message":"(#200) This endpoint is deprecated since the required permission publish_actions is deprecated","type":"OAuthException","code":200,"fbtrace_id":"A6660u176CITKt0a8b8ugfH"}}
2026-03-20 18:33:24,081 - INFO - Starting publishing process...
2026-03-20 18:33:24,081 - INFO - Publishing page: 158
2026-03-20 18:33:24,081 - INFO - Caption snippet: ورد القرآن اليومي، صفحة 158

'اللهم ألبسنا به الحل...
2026-03-20 18:33:24,638 - ERROR - HTTP Error: 403 - {"error":{"message":"(#200) This endpoint is deprecated since the required permission publish_actions is deprecated","type":"OAuthException","code":200,"fbtrace_id":"AY689jYLdrN7NWTGOCG5xHC"}}
2026-03-21 11:18:38,746 - INFO - Starting publishing process...
2026-03-21 11:18:38,747 - INFO - Publishing page: 158
2026-03-21 11:18:38,747 - INFO - Caption snippet: ورد القرآن اليومي، صفحة 158

'اللهم اجعلنا ممن يقي...
2026-03-21 11:18:39,572 - ERROR - HTTP Error: 403 - {"error":{"message":"(#200) This endpoint is deprecated since the required permission publish_actions is deprecated","type":"OAuthException","code":200,"fbtrace_id":"AqX4IQpULDTi2hIpY-FZGGU"}}
2026-03-21 18:21:52,220 - INFO - Starting publishing process...
2026-03-21 18:21:52,221 - INFO - Publishing page: 158
2026-03-21 18:21:52,221 - INFO - Caption snippet: ورد القرآن اليومي، صفحة 158

'اللهم ألبسنا به الحل...
2026-03-21 18:21:52,909 - ERROR - HTTP Error: 403 - {"error":{"message":"(#200) This endpoint is deprecated since the required permission publish_actions is deprecated","type":"OAuthException","code":200,"fbtrace_id":"AARlg72yOQboOaggxfiznQ3"}}
2026-03-22 11:19:10,118 - INFO - Starting publishing process...
2026-03-22 11:19:10,119 - INFO - Publishing page: 158
2026-03-22 11:19:10,119 - INFO - Caption snippet: ورد القرآن اليومي، صفحة 158

'قال عمر بن الخطاب رض...
2026-03-22 11:19:10,899 - ERROR - HTTP Error: 403 - {"error":{"message":"(#200) This endpoint is deprecated since the required permission publish_actions is deprecated","type":"OAuthException","code":200,"fbtrace_id":"Avlf74ECXDzn9UkSz4UM7JD"}}
2026-03-22 18:22:07,437 - INFO - Starting publishing process...
2026-03-22 18:22:07,437 - INFO - Publishing page: 158
2026-03-22 18:22:07,437 - INFO - Caption snippet: ورد القرآن اليومي، صفحة 158

'اللهم اجعلنا من أهل ...
2026-03-22 18:22:07,882 - ERROR - HTTP Error: 403 - {"error":{"message":"(#200) This endpoint is deprecated since the required permission publish_actions is deprecated","type":"OAuthException","code":200,"fbtrace_id":"AYGVz8BsyKH1wGmCn7cZ0kc"}}
2026-03-23 11:40:15,124 - INFO - Starting publishing process...
2026-03-23 11:40:15,124 - INFO - Publishing page: 158
2026-03-23 11:40:15,124 - INFO - Caption snippet: ورد القرآن اليومي، صفحة 158

'اللهم نور بالقرآن أب...
2026-03-23 11:40:15,534 - ERROR - HTTP Error: 403 - {"error":{"message":"(#200) This endpoint is deprecated since the required permission publish_actions is deprecated","type":"OAuthException","code":200,"fbtrace_id":"AhKa55j6BMGWw0wUIPU1Bur"}}
2026-03-23 18:39:29,531 - INFO - Starting publishing process...
2026-03-23 18:39:29,531 - INFO - Publishing page: 158
2026-03-23 18:39:29,531 - INFO - Caption snippet: ورد القرآن اليومي، صفحة 158

'اللهم ارزقنا فهم الق...
2026-03-23 18:39:29,996 - ERROR - HTTP Error: 403 - {"error":{"message":"(#200) This endpoint is deprecated since the required permission publish_actions is deprecated","type":"OAuthException","code":200,"fbtrace_id":"A64cLAhdHiM3OdRltpdltqJ"}}
2026-03-24 11:41:29,880 - INFO - Starting publishing process...
2026-03-24 11:41:29,881 - INFO - Publishing page: 158
2026-03-24 11:41:29,881 - INFO - Caption snippet: ورد القرآن اليومي، صفحة 158

'قال عثمان بن عفان رض...
2026-03-24 11:41:30,265 - ERROR - HTTP Error: 403 - {"error":{"message":"(#200) This endpoint is deprecated since the required permission publish_actions is deprecated","type":"OAuthException","code":200,"fbtrace_id":"AVyQDPsyKfboJZ9MR-n7IHD"}}
2026-03-24 18:48:06,679 - INFO - Starting publishing process...
2026-03-24 18:48:06,680 - INFO - Publishing page: 158
2026-03-24 18:48:06,680 - INFO - Caption snippet: ورد القرآن اليومي، صفحة 158

'اللهم اجعلنا ممن يقي...
2026-03-24 18:48:07,390 - ERROR - HTTP Error: 403 - {"error":{"message":"(#200) This endpoint is deprecated since the required permission publish_actions is deprecated","type":"OAuthException","code":200,"fbtrace_id":"AkLvF96OXxyE6BubzA9D7kG"}}
2026-03-25 11:37:57,474 - INFO - Starting publishing process...
2026-03-25 11:37:57,475 - INFO - Publishing page: 158
2026-03-25 11:37:57,475 - INFO - Caption snippet: ورد القرآن اليومي، صفحة 158

'﴿لَوْ أَنزَلْنَا هَٰ...
2026-03-25 11:37:58,651 - ERROR - HTTP Error: 403 - {"error":{"message":"(#200) This endpoint is deprecated since the required permission publish_actions is deprecated","type":"OAuthException","code":200,"fbtrace_id":"AMJAC2L7JHhYUi6xAuuJBAh"}}
2026-03-25 18:42:15,231 - INFO - Starting publishing process...
2026-03-25 18:42:15,231 - INFO - Publishing page: 158
2026-03-25 18:42:15,232 - INFO - Caption snippet: ورد القرآن اليومي، صفحة 158

'قال خباب بن الأرت رض...
2026-03-25 18:42:15,780 - ERROR - HTTP Error: 403 - {"error":{"message":"(#200) This endpoint is deprecated since the required permission publish_actions is deprecated","type":"OAuthException","code":200,"fbtrace_id":"A68rQoSZXZJgrVI4W3fuHSE"}}
2026-03-26 11:45:02,949 - INFO - Starting publishing process...
2026-03-26 11:45:02,950 - INFO - Publishing page: 158
2026-03-26 11:45:02,950 - INFO - Caption snippet: ورد القرآن اليومي، صفحة 158

'اللهم ألبسنا به الحل...
2026-03-26 11:45:04,751 - ERROR - HTTP Error: 403 - {"error":{"message":"(#200) This endpoint is deprecated since the required permission publish_actions is deprecated","type":"OAuthException","code":200,"fbtrace_id":"ACtQ89MvXLBU2qsI1UpelbQ"}}
2026-03-26 18:52:01,761 - INFO - Starting publishing process...
2026-03-26 18:52:01,762 - INFO - Publishing page: 158
2026-03-26 18:52:01,762 - INFO - Caption snippet: ورد القرآن اليومي، صفحة 158

'قال رسول الله ﷺ: «اق...
2026-03-26 18:52:02,978 - ERROR - HTTP Error: 403 - {"error":{"message":"(#200) This endpoint is deprecated since the required permission publish_actions is deprecated","type":"OAuthException","code":200,"fbtrace_id":"A5GNw_0o6hozqID36ot5c5e"}}
2026-03-27 11:37:49,559 - INFO - Starting publishing process...
2026-03-27 11:37:49,560 - INFO - Publishing page: 158
2026-03-27 11:37:49,560 - INFO - Caption snippet: ورد القرآن اليومي، صفحة 158

'اللهم نور بالقرآن أب...
2026-03-27 11:37:50,457 - ERROR - HTTP Error: 403 - {"error":{"message":"(#200) This endpoint is deprecated since the required permission publish_actions is deprecated","type":"OAuthException","code":200,"fbtrace_id":"AL0Qgl8Io3kyr2emn5Qk88-"}}
2026-03-27 18:42:17,774 - INFO - Starting publishing process...
2026-03-27 18:42:17,774 - INFO - Publishing page: 158
2026-03-27 18:42:17,775 - INFO - Caption snippet: ورد القرآن اليومي، صفحة 158

'﴿كِتَابٌ أَنزَلْنَاه...
2026-03-27 18:42:18,392 - ERROR - HTTP Error: 403 - {"error":{"message":"(#200) This endpoint is deprecated since the required permission publish_actions is deprecated","type":"OAuthException","code":200,"fbtrace_id":"AZJkaczV1NXG4YMNl-rHY-g"}}
2026-03-28 11:24:03,319 - INFO - Starting publishing process...
2026-03-28 11:24:03,320 - INFO - Publishing page: 158
2026-03-28 11:24:03,320 - INFO - Caption snippet: ورد القرآن اليومي، صفحة 158

'﴿أَفَلَا يَتَدَبَّرُ...
2026-03-28 11:24:03,889 - ERROR - HTTP Error: 403 - {"error":{"message":"(#200) This endpoint is deprecated since the required permission publish_actions is deprecated","type":"OAuthException","code":200,"fbtrace_id":"AbEdwKYrEf1Wio_4gq9KCc7"}}
2026-03-28 18:25:48,046 - INFO - Starting publishing process...
2026-03-28 18:25:48,046 - INFO - Publishing page: 158
2026-03-28 18:25:48,046 - INFO - Caption snippet: ورد القرآن اليومي، صفحة 158

'﴿لَوْ أَنزَلْنَا هَٰ...
2026-03-28 18:25:48,958 - ERROR - HTTP Error: 403 - {"error":{"message":"(#200) This endpoint is deprecated since the required permission publish_actions is deprecated","type":"OAuthException","code":200,"fbtrace_id":"ASe6AndZq_ZE7shjjjZ91lB"}}
2026-03-29 11:24:08,358 - INFO - Starting publishing process...
2026-03-29 11:24:08,359 - INFO - Publishing page: 158
2026-03-29 11:24:08,359 - INFO - Caption snippet: ورد القرآن اليومي، صفحة 158

'﴿لَوْ أَنزَلْنَا هَٰ...
2026-03-29 11:24:09,451 - ERROR - HTTP Error: 403 - {"error":{"message":"(#200) This endpoint is deprecated since the required permission publish_actions is deprecated","type":"OAuthException","code":200,"fbtrace_id":"Au3ds9itwsyo_-iuIQE5OnC"}}
2026-03-29 18:26:57,196 - INFO - Starting publishing process...
2026-03-29 18:26:57,197 - INFO - Publishing page: 158
2026-03-29 18:26:57,197 - INFO - Caption snippet: ورد القرآن اليومي، صفحة 158

'قال رسول الله ﷺ: «اق...
2026-03-29 18:26:57,693 - ERROR - HTTP Error: 403 - {"error":{"message":"(#200) This endpoint is deprecated since the required permission publish_actions is deprecated","type":"OAuthException","code":200,"fbtrace_id":"AL6Olr5SHZ_XiYMw-Zh7EHA"}}
2026-03-30 11:52:07,696 - INFO - Starting publishing process...
2026-03-30 11:52:07,697 - INFO - Publishing page: 158
2026-03-30 11:52:07,697 - INFO - Caption snippet: ورد القرآن اليومي، صفحة 158

'قال رسول الله ﷺ: «اق...
2026-03-30 11:52:08,597 - ERROR - HTTP Error: 403 - {"error":{"message":"(#200) This endpoint is deprecated since the required permission publish_actions is deprecated","type":"OAuthException","code":200,"fbtrace_id":"AvrDRKQ6rUoihYczgdiUcct"}}
2026-03-30 18:44:53,033 - INFO - Starting publishing process...
2026-03-30 18:44:53,034 - INFO - Publishing page: 158
2026-03-30 18:44:53,034 - INFO - Caption snippet: ورد القرآن اليومي، صفحة 158

'قال خباب بن الأرت رض...
2026-03-30 18:44:53,498 - ERROR - HTTP Error: 403 - {"error":{"message":"(#200) This endpoint is deprecated since the required permission publish_actions is deprecated","type":"OAuthException","code":200,"fbtrace_id":"AmzGkfZp2ABq4HaoRK_Guvw"}}
2026-03-31 11:43:28,046 - INFO - Starting publishing process...
2026-03-31 11:43:28,047 - INFO - Publishing page: 158
2026-03-31 11:43:28,047 - INFO - Caption snippet: ورد القرآن اليومي، صفحة 158

'اللهم اجعلنا ممن يحل...
2026-03-31 11:43:28,457 - ERROR - HTTP Error: 403 - {"error":{"message":"(#200) This endpoint is deprecated since the required permission publish_actions is deprecated","type":"OAuthException","code":200,"fbtrace_id":"A8HuCKbfgVKTiJfxCx5wkyP"}}
2026-03-31 18:45:46,038 - INFO - Starting publishing process...
2026-03-31 18:45:46,038 - INFO - Publishing page: 158
2026-03-31 18:45:46,038 - INFO - Caption snippet: ورد القرآن اليومي، صفحة 158

'اللهم اجعلنا من أهل ...
2026-03-31 18:45:47,453 - ERROR - HTTP Error: 403 - {"error":{"message":"(#200) This endpoint is deprecated since the required permission publish_actions is deprecated","type":"OAuthException","code":200,"fbtrace_id":"A2JqlicrrOZ5mYtes6GJh2V"}}
2026-04-01 11:47:04,459 - INFO - Starting publishing process...
2026-04-01 11:47:04,460 - INFO - Publishing page: 158
2026-04-01 11:47:04,460 - INFO - Caption snippet: ورد القرآن اليومي، صفحة 158

'اللهم اجعلنا ممن يقي...
2026-04-01 11:47:06,849 - ERROR - HTTP Error: 403 - {"error":{"message":"(#200) This endpoint is deprecated since the required permission publish_actions is deprecated","type":"OAuthException","code":200,"fbtrace_id":"AEHILwXC_ToNIus50iUUg7V"}}
2026-04-01 18:45:04,096 - INFO - Starting publishing process...
2026-04-01 18:45:04,096 - INFO - Publishing page: 158
2026-04-01 18:45:04,096 - INFO - Caption snippet: ورد القرآن اليومي، صفحة 158

'قال ابن القيم رحمه ا...
2026-04-01 18:45:05,062 - ERROR - HTTP Error: 403 - {"error":{"message":"(#200) This endpoint is deprecated since the required permission publish_actions is deprecated","type":"OAuthException","code":200,"fbtrace_id":"AVXKqLPoIWBONnaYrx2USmw"}}
2026-04-02 11:41:39,816 - INFO - Starting publishing process...
2026-04-02 11:41:39,816 - INFO - Publishing page: 158
2026-04-02 11:41:39,816 - INFO - Caption snippet: ورد القرآن اليومي، صفحة 158

'قال خباب بن الأرت رض...
2026-04-02 11:41:40,613 - ERROR - HTTP Error: 403 - {"error":{"message":"(#200) This endpoint is deprecated since the required permission publish_actions is deprecated","type":"OAuthException","code":200,"fbtrace_id":"AI-ouihJlxG8-lWfDVlq6_g"}}
2026-04-02 18:41:23,082 - INFO - Starting publishing process...
2026-04-02 18:41:23,082 - INFO - Publishing page: 158
2026-04-02 18:41:23,082 - INFO - Caption snippet: ورد القرآن اليومي، صفحة 158

'قال رسول الله ﷺ: «اق...
2026-04-02 18:41:24,232 - ERROR - HTTP Error: 403 - {"error":{"message":"(#200) This endpoint is deprecated since the required permission publish_actions is deprecated","type":"OAuthException","code":200,"fbtrace_id":"Am7jBo-x3jSXtdw6_KJvNfW"}}
2026-04-03 11:34:24,993 - INFO - Starting publishing process...
2026-04-03 11:34:24,994 - INFO - Publishing page: 158
2026-04-03 11:34:24,994 - INFO - Caption snippet: ورد القرآن اليومي، صفحة 158

'اللهم اجعلنا ممن يقي...
2026-04-03 11:34:26,609 - ERROR - HTTP Error: 403 - {"error":{"message":"(#200) This endpoint is deprecated since the required permission publish_actions is deprecated","type":"OAuthException","code":200,"fbtrace_id":"AteY4jeK_nL6Km66x87usqg"}}
2026-04-03 18:33:18,309 - INFO - Starting publishing process...
2026-04-03 18:33:18,310 - INFO - Publishing page: 158
2026-04-03 18:33:18,310 - INFO - Caption snippet: ورد القرآن اليومي، صفحة 158

'﴿كِتَابٌ أَنزَلْنَاه...
2026-04-03 18:33:19,431 - ERROR - HTTP Error: 403 - {"error":{"message":"(#200) This endpoint is deprecated since the required permission publish_actions is deprecated","type":"OAuthException","code":200,"fbtrace_id":"AmKekP9iMcAFoDJvuw2H4BI"}}
2026-04-04 11:24:39,664 - INFO - Starting publishing process...
2026-04-04 11:24:39,664 - INFO - Publishing page: 158
2026-04-04 11:24:39,665 - INFO - Caption snippet: ورد القرآن اليومي، صفحة 158

'قال خباب بن الأرت رض...
2026-04-04 11:24:40,356 - ERROR - HTTP Error: 403 - {"error":{"message":"(#200) This endpoint is deprecated since the required permission publish_actions is deprecated","type":"OAuthException","code":200,"fbtrace_id":"AbRIGWxg0UXlgCd0BC-R4PP"}}
2026-04-04 18:26:54,455 - INFO - Starting publishing process...
2026-04-04 18:26:54,455 - INFO - Publishing page: 158
2026-04-04 18:26:54,455 - INFO - Caption snippet: ورد القرآن اليومي، صفحة 158

'قال خباب بن الأرت رض...
2026-04-04 18:26:55,018 - ERROR - HTTP Error: 403 - {"error":{"message":"(#200) This endpoint is deprecated since the required permission publish_actions is deprecated","type":"OAuthException","code":200,"fbtrace_id":"AKs2nDAO8eKklsDDp8PhIxs"}}
2026-04-05 11:25:10,166 - INFO - Starting publishing process...
2026-04-05 11:25:10,167 - INFO - Publishing page: 158
2026-04-05 11:25:10,167 - INFO - Caption snippet: ورد القرآن اليومي، صفحة 158

'﴿إِنَّ هَٰذَا الْقُر...
2026-04-05 11:25:11,308 - ERROR - HTTP Error: 403 - {"error":{"message":"(#200) This endpoint is deprecated since the required permission publish_actions is deprecated","type":"OAuthException","code":200,"fbtrace_id":"A1aIwQ46WubQ-cYECsl0-9Q"}}
2026-04-05 18:28:42,631 - INFO - Starting publishing process...
2026-04-05 18:28:42,631 - INFO - Publishing page: 158
2026-04-05 18:28:42,631 - INFO - Caption snippet: ورد القرآن اليومي، صفحة 158

'قال رسول الله ﷺ: «من...
2026-04-05 18:28:43,208 - ERROR - HTTP Error: 403 - {"error":{"message":"(#200) This endpoint is deprecated since the required permission publish_actions is deprecated","type":"OAuthException","code":200,"fbtrace_id":"ArSQa8yP4iPnf81fiCk8IFZ"}}
2026-04-06 11:43:25,446 - INFO - Starting publishing process...
2026-04-06 11:43:25,446 - INFO - Publishing page: 158
2026-04-06 11:43:25,446 - INFO - Caption snippet: ورد القرآن اليومي، صفحة 158

'اللهم ذكرنا من القرآ...
2026-04-06 11:43:27,658 - ERROR - HTTP Error: 403 - {"error":{"message":"(#200) This endpoint is deprecated since the required permission publish_actions is deprecated","type":"OAuthException","code":200,"fbtrace_id":"AeF9wTpoqdW7nam-hYt9WFe"}}
2026-04-06 18:41:42,836 - INFO - Starting publishing process...
2026-04-06 18:41:42,837 - INFO - Publishing page: 158
2026-04-06 18:41:42,837 - INFO - Caption snippet: ورد القرآن اليومي، صفحة 158

'﴿إِنَّ هَٰذَا الْقُر...
2026-04-06 18:41:43,756 - ERROR - HTTP Error: 403 - {"error":{"message":"(#200) This endpoint is deprecated since the required permission publish_actions is deprecated","type":"OAuthException","code":200,"fbtrace_id":"AXxw350537itxfb7ijN6pyN"}}
2026-04-07 11:49:37,465 - INFO - Starting publishing process...
2026-04-07 11:49:37,465 - INFO - Publishing page: 158
2026-04-07 11:49:37,465 - INFO - Caption snippet: ورد القرآن اليومي، صفحة 158

'اللهم اجعل القرآن ال...
2026-04-07 11:49:38,804 - ERROR - HTTP Error: 403 - {"error":{"message":"(#200) This endpoint is deprecated since the required permission publish_actions is deprecated","type":"OAuthException","code":200,"fbtrace_id":"A0fGnidFSPWGaNYHi1T_PKn"}}
2026-04-07 18:46:25,888 - INFO - Starting publishing process...
2026-04-07 18:46:25,888 - INFO - Publishing page: 158
2026-04-07 18:46:25,888 - INFO - Caption snippet: ورد القرآن اليومي، صفحة 158

'﴿اللَّهُ نَزَّلَ أَح...
2026-04-07 18:46:26,823 - ERROR - HTTP Error: 403 - {"error":{"message":"(#200) This endpoint is deprecated since the required permission publish_actions is deprecated","type":"OAuthException","code":200,"fbtrace_id":"Aoae2Q0BFUEMzLkYqG3zVhy"}}
2026-04-08 11:50:12,972 - INFO - Starting publishing process...
2026-04-08 11:50:12,972 - INFO - Publishing page: 158
2026-04-08 11:50:12,972 - INFO - Caption snippet: ورد القرآن اليومي، صفحة 158

'قال رسول الله ﷺ: «من...
2026-04-08 11:50:14,320 - ERROR - HTTP Error: 403 - {"error":{"message":"(#200) This endpoint is deprecated since the required permission publish_actions is deprecated","type":"OAuthException","code":200,"fbtrace_id":"ABrZxnv_h4bhaWb3EiEqATV"}}
2026-04-08 19:01:21,262 - INFO - Starting publishing process...
2026-04-08 19:01:21,262 - INFO - Publishing page: 158
2026-04-08 19:01:21,262 - INFO - Caption snippet: ورد القرآن اليومي، صفحة 158

'اللهم نور بالقرآن أب...
2026-04-08 19:01:22,057 - ERROR - HTTP Error: 403 - {"error":{"message":"(#200) This endpoint is deprecated since the required permission publish_actions is deprecated","type":"OAuthException","code":200,"fbtrace_id":"AuKXfSqRyDb2YuMIaHad8JD"}}
2026-04-09 11:51:04,064 - INFO - Starting publishing process...
2026-04-09 11:51:04,065 - INFO - Publishing page: 158
2026-04-09 11:51:04,065 - INFO - Caption snippet: ورد القرآن اليومي، صفحة 158

'قال ابن القيم رحمه ا...
2026-04-09 11:51:05,774 - ERROR - HTTP Error: 403 - {"error":{"message":"(#200) This endpoint is deprecated since the required permission publish_actions is deprecated","type":"OAuthException","code":200,"fbtrace_id":"Ax-pETeGcxTd2_NdvFi5gRs"}}
2026-04-09 18:48:22,275 - INFO - Starting publishing process...
2026-04-09 18:48:22,276 - INFO - Publishing page: 158
2026-04-09 18:48:22,276 - INFO - Caption snippet: ورد القرآن اليومي، صفحة 158

'قال خباب بن الأرت رض...
2026-04-09 18:48:22,803 - ERROR - HTTP Error: 403 - {"error":{"message":"(#200) This endpoint is deprecated since the required permission publish_actions is deprecated","type":"OAuthException","code":200,"fbtrace_id":"AC6QaSh8jP783pG1T6hcYQY"}}
2026-04-10 11:42:40,800 - INFO - Starting publishing process...
2026-04-10 11:42:40,800 - INFO - Publishing page: 158
2026-04-10 11:42:40,800 - INFO - Caption snippet: ورد القرآن اليومي، صفحة 158

'اللهم اجعلنا ممن يحل...
2026-04-10 11:42:41,253 - ERROR - HTTP Error: 403 - {"error":{"message":"(#200) This endpoint is deprecated since the required permission publish_actions is deprecated","type":"OAuthException","code":200,"fbtrace_id":"AwftSmCBDOpdVSO4r7mR9oC"}}
2026-04-10 18:38:38,045 - INFO - Starting publishing process...
2026-04-10 18:38:38,046 - INFO - Publishing page: 158
2026-04-10 18:38:38,046 - INFO - Caption snippet: ورد القرآن اليومي، صفحة 158

'﴿لَوْ أَنزَلْنَا هَٰ...
2026-04-10 18:38:38,829 - ERROR - HTTP Error: 403 - {"error":{"message":"(#200) This endpoint is deprecated since the required permission publish_actions is deprecated","type":"OAuthException","code":200,"fbtrace_id":"AC9eg_QXF8tEbHHyaW6VsTw"}}
2026-04-11 11:25:51,232 - INFO - Starting publishing process...
2026-04-11 11:25:51,232 - INFO - Publishing page: 158
2026-04-11 11:25:51,232 - INFO - Caption snippet: ورد القرآن اليومي، صفحة 158

'﴿كِتَابٌ أَنزَلْنَاه...
2026-04-11 11:25:52,514 - ERROR - HTTP Error: 403 - {"error":{"message":"(#200) This endpoint is deprecated since the required permission publish_actions is deprecated","type":"OAuthException","code":200,"fbtrace_id":"AiqJYahv_osJn9AU5dV5gwo"}}
2026-04-11 18:28:51,682 - INFO - Starting publishing process...
2026-04-11 18:28:51,682 - INFO - Publishing page: 158
2026-04-11 18:28:51,682 - INFO - Caption snippet: ورد القرآن اليومي، صفحة 158

'﴿لَوْ أَنزَلْنَا هَٰ...
2026-04-11 18:28:52,028 - ERROR - HTTP Error: 403 - {"error":{"message":"(#200) This endpoint is deprecated since the required permission publish_actions is deprecated","type":"OAuthException","code":200,"fbtrace_id":"A9jwaAhbeQbBxge1Pn-oMDK"}}
2026-04-12 11:30:03,151 - INFO - Starting publishing process...
2026-04-12 11:30:03,151 - INFO - Publishing page: 158
2026-04-12 11:30:03,151 - INFO - Caption snippet: ورد القرآن اليومي، صفحة 158

'اللهم اجعلنا من أهل ...
2026-04-12 11:30:03,951 - ERROR - HTTP Error: 403 - {"error":{"message":"(#200) This endpoint is deprecated since the required permission publish_actions is deprecated","type":"OAuthException","code":200,"fbtrace_id":"AkRLld1x7_Ay5T85U4b5MVh"}}
2026-04-12 18:32:35,099 - INFO - Starting publishing process...
2026-04-12 18:32:35,100 - INFO - Publishing page: 158
2026-04-12 18:32:35,100 - INFO - Caption snippet: ورد القرآن اليومي، صفحة 158

'﴿اللَّهُ نَزَّلَ أَح...
2026-04-12 18:32:36,144 - ERROR - HTTP Error: 403 - {"error":{"message":"(#200) This endpoint is deprecated since the required permission publish_actions is deprecated","type":"OAuthException","code":200,"fbtrace_id":"ARQPbNJWxvyqG-immnnaRSi"}}
2026-04-13 11:59:46,007 - INFO - Starting publishing process...
2026-04-13 11:59:46,007 - INFO - Publishing page: 158
2026-04-13 11:59:46,008 - INFO - Caption snippet: ورد القرآن اليومي، صفحة 158

'﴿كِتَابٌ أَنزَلْنَاه...
2026-04-13 11:59:46,641 - ERROR - HTTP Error: 403 - {"error":{"message":"(#200) This endpoint is deprecated since the required permission publish_actions is deprecated","type":"OAuthException","code":200,"fbtrace_id":"Ac02YgCMChsHKm_Pw2qnjx2"}}
2026-04-13 19:00:25,437 - INFO - Starting publishing process...
2026-04-13 19:00:25,437 - INFO - Publishing page: 158
2026-04-13 19:00:25,437 - INFO - Caption snippet: ورد القرآن اليومي، صفحة 158

'اللهم ألبسنا به الحل...
2026-04-13 19:00:26,286 - ERROR - HTTP Error: 403 - {"error":{"message":"(#200) This endpoint is deprecated since the required permission publish_actions is deprecated","type":"OAuthException","code":200,"fbtrace_id":"ABEuLorCKRftjzLbtd4-kKO"}}
2026-04-14 11:55:07,830 - INFO - Starting publishing process...
2026-04-14 11:55:07,830 - INFO - Publishing page: 158
2026-04-14 11:55:07,830 - INFO - Caption snippet: ورد القرآن اليومي، صفحة 158

'قال رسول الله ﷺ: «ال...
2026-04-14 11:55:08,724 - ERROR - HTTP Error: 403 - {"error":{"message":"(#200) This endpoint is deprecated since the required permission publish_actions is deprecated","type":"OAuthException","code":200,"fbtrace_id":"A1Ta28sWbwdKSrKocCGUEH2"}}
2026-04-14 18:57:58,301 - INFO - Starting publishing process...
2026-04-14 18:57:58,301 - INFO - Publishing page: 158
2026-04-14 18:57:58,301 - INFO - Caption snippet: ورد القرآن اليومي، صفحة 158

'اللهم اجعل القرآن لن...
2026-04-14 18:58:00,179 - ERROR - HTTP Error: 403 - {"error":{"message":"(#200) This endpoint is deprecated since the required permission publish_actions is deprecated","type":"OAuthException","code":200,"fbtrace_id":"AUqlXfMNlTDl5uaPAwdCVlR"}}
2026-04-15 11:52:42,738 - INFO - Starting publishing process...
2026-04-15 11:52:42,738 - INFO - Publishing page: 158
2026-04-15 11:52:42,738 - INFO - Caption snippet: ورد القرآن اليومي، صفحة 158

'اللهم ذكرنا من القرآ...
2026-04-15 11:52:43,584 - ERROR - HTTP Error: 403 - {"error":{"message":"(#200) This endpoint is deprecated since the required permission publish_actions is deprecated","type":"OAuthException","code":200,"fbtrace_id":"AmcEiBYi5GYdqhhex7NIv84"}}
2026-04-15 19:00:00,479 - INFO - Starting publishing process...
2026-04-15 19:00:00,480 - INFO - Publishing page: 158
2026-04-15 19:00:00,480 - INFO - Caption snippet: ورد القرآن اليومي، صفحة 158

'اللهم اجعلنا ممن يقي...
2026-04-15 19:00:01,404 - ERROR - HTTP Error: 403 - {"error":{"message":"(#200) This endpoint is deprecated since the required permission publish_actions is deprecated","type":"OAuthException","code":200,"fbtrace_id":"AqP9VFrmYc0_86PFMGqrArP"}}
2026-04-16 11:55:44,637 - INFO - Starting publishing process...
2026-04-16 11:55:44,638 - INFO - Publishing page: 158
2026-04-16 11:55:44,638 - INFO - Caption snippet: ورد القرآن اليومي، صفحة 158

'﴿أَفَلَا يَتَدَبَّرُ...
2026-04-16 11:55:46,185 - ERROR - HTTP Error: 403 - {"error":{"message":"(#200) This endpoint is deprecated since the required permission publish_actions is deprecated","type":"OAuthException","code":200,"fbtrace_id":"AZmvTuMuGPUNK3lQKB_viIo"}}
2026-04-16 18:57:18,597 - INFO - Starting publishing process...
2026-04-16 18:57:18,598 - INFO - Publishing page: 158
2026-04-16 18:57:18,598 - INFO - Caption snippet: ورد القرآن اليومي، صفحة 158

'قال خباب بن الأرت رض...
2026-04-16 18:57:19,181 - ERROR - HTTP Error: 403 - {"error":{"message":"(#200) This endpoint is deprecated since the required permission publish_actions is deprecated","type":"OAuthException","code":200,"fbtrace_id":"Ajar6LpVhgdsI6Q4UoHkgHo"}}
2026-04-17 11:45:45,334 - INFO - Starting publishing process...
2026-04-17 11:45:45,334 - INFO - Publishing page: 158
2026-04-17 11:45:45,334 - INFO - Caption snippet: ورد القرآن اليومي، صفحة 158

'اللهم ذكرنا من القرآ...
2026-04-17 11:45:46,280 - ERROR - HTTP Error: 403 - {"error":{"message":"(#200) This endpoint is deprecated since the required permission publish_actions is deprecated","type":"OAuthException","code":200,"fbtrace_id":"ANZoHUoLkjNEvZ_BIN7_lBO"}}
2026-04-17 18:42:20,182 - INFO - Starting publishing process...
2026-04-17 18:42:20,182 - INFO - Publishing page: 158
2026-04-17 18:42:20,182 - INFO - Caption snippet: ورد القرآن اليومي، صفحة 158

'اللهم اجعل القرآن ال...
2026-04-17 18:42:20,468 - ERROR - HTTP Error: 403 - {"error":{"message":"(#200) This endpoint is deprecated since the required permission publish_actions is deprecated","type":"OAuthException","code":200,"fbtrace_id":"AfMTgOKd5WZKVehsMa5UB4t"}}
2026-04-18 11:30:25,503 - INFO - Starting publishing process...
2026-04-18 11:30:25,504 - INFO - Publishing page: 158
2026-04-18 11:30:25,504 - INFO - Caption snippet: ورد القرآن اليومي، صفحة 158

'﴿لَوْ أَنزَلْنَا هَٰ...
2026-04-18 11:30:26,319 - ERROR - HTTP Error: 403 - {"error":{"message":"(#200) This endpoint is deprecated since the required permission publish_actions is deprecated","type":"OAuthException","code":200,"fbtrace_id":"AjHOv49NEiFW5hNRzx3diOv"}}
2026-04-18 18:33:05,471 - INFO - Starting publishing process...
2026-04-18 18:33:05,472 - INFO - Publishing page: 158
2026-04-18 18:33:05,472 - INFO - Caption snippet: ورد القرآن اليومي، صفحة 158

'﴿اللَّهُ نَزَّلَ أَح...
2026-04-18 18:33:05,968 - ERROR - HTTP Error: 403 - {"error":{"message":"(#200) This endpoint is deprecated since the required permission publish_actions is deprecated","type":"OAuthException","code":200,"fbtrace_id":"Ai7Xce8s5qu-KL1jPgI_RsS"}}
2026-04-19 11:30:47,606 - INFO - Starting publishing process...
2026-04-19 11:30:47,607 - INFO - Publishing page: 158
2026-04-19 11:30:47,607 - INFO - Caption snippet: ورد القرآن اليومي، صفحة 158

'﴿أَفَلَا يَتَدَبَّرُ...
2026-04-19 11:30:48,587 - ERROR - HTTP Error: 403 - {"error":{"message":"(#200) This endpoint is deprecated since the required permission publish_actions is deprecated","type":"OAuthException","code":200,"fbtrace_id":"AnssXZPvrs_vpzjvNlaW5SI"}}
2026-04-19 18:33:31,178 - INFO - Starting publishing process...
2026-04-19 18:33:31,178 - INFO - Publishing page: 158
2026-04-19 18:33:31,178 - INFO - Caption snippet: ورد القرآن اليومي، صفحة 158

'قال عثمان بن عفان رض...
2026-04-19 18:33:32,152 - ERROR - HTTP Error: 403 - {"error":{"message":"(#200) This endpoint is deprecated since the required permission publish_actions is deprecated","type":"OAuthException","code":200,"fbtrace_id":"AlEquOYWEl4fbGT5zchFKz1"}}
2026-04-20 11:59:58,291 - INFO - Starting publishing process...
2026-04-20 11:59:58,292 - INFO - Publishing page: 158
2026-04-20 11:59:58,292 - INFO - Caption snippet: ورد القرآن اليومي، صفحة 158

'اللهم اجعلنا ممن يقي...
2026-04-20 11:59:58,991 - ERROR - HTTP Error: 403 - {"error":{"message":"(#200) This endpoint is deprecated since the required permission publish_actions is deprecated","type":"OAuthException","code":200,"fbtrace_id":"AADQ-f4tj0JnBN5zqB2rlFN"}}
2026-04-20 18:50:55,433 - INFO - Starting publishing process...
2026-04-20 18:50:55,433 - INFO - Publishing page: 158
2026-04-20 18:50:55,433 - INFO - Caption snippet: ورد القرآن اليومي، صفحة 158

'اللهم ألبسنا به الحل...
2026-04-20 18:50:56,026 - ERROR - HTTP Error: 403 - {"error":{"message":"(#200) This endpoint is deprecated since the required permission publish_actions is deprecated","type":"OAuthException","code":200,"fbtrace_id":"AfUnlVbCD4SyQX5M4kNIH9D"}}
2026-04-21 11:57:08,303 - INFO - Starting publishing process...
2026-04-21 11:57:08,304 - INFO - Publishing page: 158
2026-04-21 11:57:08,304 - INFO - Caption snippet: ورد القرآن اليومي، صفحة 158

'اللهم اجعلنا ممن يحل...
2026-04-21 11:57:08,983 - ERROR - HTTP Error: 403 - {"error":{"message":"(#200) This endpoint is deprecated since the required permission publish_actions is deprecated","type":"OAuthException","code":200,"fbtrace_id":"AqBo-jg4owAdefDl2qJ1QNC"}}
2026-04-21 18:56:40,900 - INFO - Starting publishing process...
2026-04-21 18:56:40,900 - INFO - Publishing page: 158
2026-04-21 18:56:40,900 - INFO - Caption snippet: ورد القرآن اليومي، صفحة 158

'﴿إِنَّ هَٰذَا الْقُر...
2026-04-21 18:56:41,491 - ERROR - HTTP Error: 403 - {"error":{"message":"(#200) This endpoint is deprecated since the required permission publish_actions is deprecated","type":"OAuthException","code":200,"fbtrace_id":"AgMUAH-j2qiYXq19M2_a4LF"}}
2026-04-22 11:56:45,127 - INFO - Starting publishing process...
2026-04-22 11:56:45,128 - INFO - Publishing page: 158
2026-04-22 11:56:45,128 - INFO - Caption snippet: ورد القرآن اليومي، صفحة 158

'قال عثمان بن عفان رض...
2026-04-22 11:56:45,772 - ERROR - HTTP Error: 403 - {"error":{"message":"(#200) This endpoint is deprecated since the required permission publish_actions is deprecated","type":"OAuthException","code":200,"fbtrace_id":"ANARghBYTGcw5pSr6hd9ybE"}}
2026-04-22 18:57:38,198 - INFO - Starting publishing process...
2026-04-22 18:57:38,199 - INFO - Publishing page: 158
2026-04-22 18:57:38,199 - INFO - Caption snippet: ورد القرآن اليومي، صفحة 158

'اللهم ذكرنا من القرآ...
2026-04-22 18:57:38,648 - ERROR - HTTP Error: 403 - {"error":{"message":"(#200) This endpoint is deprecated since the required permission publish_actions is deprecated","type":"OAuthException","code":200,"fbtrace_id":"AJB-PNyF2-KgV75hFminv1v"}}
2026-04-23 11:56:58,013 - INFO - Starting publishing process...
2026-04-23 11:56:58,013 - INFO - Publishing page: 158
2026-04-23 11:56:58,013 - INFO - Caption snippet: ورد القرآن اليومي، صفحة 158

'اللهم نور بالقرآن أب...
2026-04-23 11:56:59,598 - ERROR - HTTP Error: 403 - {"error":{"message":"(#200) This endpoint is deprecated since the required permission publish_actions is deprecated","type":"OAuthException","code":200,"fbtrace_id":"AxiHxRYvfDhj5NAWpufjlNN"}}
2026-04-23 18:54:28,607 - INFO - Starting publishing process...
2026-04-23 18:54:28,607 - INFO - Publishing page: 158
2026-04-23 18:54:28,607 - INFO - Caption snippet: ورد القرآن اليومي، صفحة 158

'﴿إِنَّ هَٰذَا الْقُر...
2026-04-23 18:54:29,001 - ERROR - HTTP Error: 403 - {"error":{"message":"(#200) This endpoint is deprecated since the required permission publish_actions is deprecated","type":"OAuthException","code":200,"fbtrace_id":"AJp9DsKWC15BQ5ZJoNNYZpy"}}
2026-04-24 11:54:11,304 - INFO - Starting publishing process...
2026-04-24 11:54:11,305 - INFO - Publishing page: 158
2026-04-24 11:54:11,305 - INFO - Caption snippet: ورد القرآن اليومي، صفحة 158

'قال رسول الله ﷺ: «يق...
2026-04-24 11:54:11,896 - ERROR - HTTP Error: 403 - {"error":{"message":"(#200) This endpoint is deprecated since the required permission publish_actions is deprecated","type":"OAuthException","code":200,"fbtrace_id":"AFiEJtF9L5hts1vzP8LDd9-"}}
2026-04-24 18:36:36,187 - INFO - Starting publishing process...
2026-04-24 18:36:36,188 - INFO - Publishing page: 158
2026-04-24 18:36:36,188 - INFO - Caption snippet: ورد القرآن اليومي، صفحة 158

'﴿لَوْ أَنزَلْنَا هَٰ...
2026-04-24 18:36:37,711 - ERROR - HTTP Error: 403 - {"error":{"message":"(#200) This endpoint is deprecated since the required permission publish_actions is deprecated","type":"OAuthException","code":200,"fbtrace_id":"AL7hu6YLzkx5fDrL9dgnyy0"}}
2026-04-25 11:34:30,829 - INFO - Starting publishing process...
2026-04-25 11:34:30,830 - INFO - Publishing page: 158
2026-04-25 11:34:30,830 - INFO - Caption snippet: ورد القرآن اليومي، صفحة 158

'قال رسول الله ﷺ: «اق...
2026-04-25 11:34:31,617 - ERROR - HTTP Error: 403 - {"error":{"message":"(#200) This endpoint is deprecated since the required permission publish_actions is deprecated","type":"OAuthException","code":200,"fbtrace_id":"A5fRaFZzFuBmOl_lDGjHxcK"}}
2026-04-25 18:35:01,047 - INFO - Starting publishing process...
2026-04-25 18:35:01,047 - INFO - Publishing page: 158
2026-04-25 18:35:01,048 - INFO - Caption snippet: ورد القرآن اليومي، صفحة 158

'قال خباب بن الأرت رض...
2026-04-25 18:35:02,184 - ERROR - HTTP Error: 403 - {"error":{"message":"(#200) This endpoint is deprecated since the required permission publish_actions is deprecated","type":"OAuthException","code":200,"fbtrace_id":"Am7wNcAuPx8wKh8tv4KCG2I"}}
2026-04-26 11:35:24,900 - INFO - Starting publishing process...
2026-04-26 11:35:24,900 - INFO - Publishing page: 158
2026-04-26 11:35:24,900 - INFO - Caption snippet: ورد القرآن اليومي، صفحة 158

'﴿اللَّهُ نَزَّلَ أَح...
2026-04-26 11:35:25,694 - ERROR - HTTP Error: 403 - {"error":{"message":"(#200) This endpoint is deprecated since the required permission publish_actions is deprecated","type":"OAuthException","code":200,"fbtrace_id":"Ab9waT1h0YqPzSnxkxNu7_g"}}
2026-04-26 18:35:50,370 - INFO - Starting publishing process...
2026-04-26 18:35:50,371 - INFO - Publishing page: 158
2026-04-26 18:35:50,371 - INFO - Caption snippet: ورد القرآن اليومي، صفحة 158

'اللهم اجعلنا ممن يقي...
2026-04-26 18:36:50,446 - ERROR - Unexpected error: HTTPSConnectionPool(host='graph.facebook.com', port=443): Max retries exceeded with url: /v24.0/26311612735143647/photos?caption=%D9%88%D8%B1%D8%AF+%D8%A7%D9%84%D9%82%D8%B1%D8%A2%D9%86+%D8%A7%D9%84%D9%8A%D9%88%D9%85%D9%8A%D8%8C+%D8%B5%D9%81%D8%AD%D8%A9+158%0A%0A%27%D8%A7%D9%84%D9%84%D9%87%D9%85+%D8%A7%D8%AC%D8%B9%D9%84%D9%86%D8%A7+%D9%85%D9%85%D9%86+%D9%8A%D9%82%D9%8A%D9%85+%D8%AD%D8%B1%D9%88%D9%81%D9%87+%D9%88%D8%AD%D8%AF%D9%88%D8%AF%D9%87%D8%8C+%D9%88%D9%84%D8%A7+%D8%AA%D8%AC%D8%B9%D9%84%D9%86%D8%A7+%D9%85%D9%85%D9%86+%D9%8A%D9%82%D9%8A%D9%85+%D8%AD%D8%B1%D9%88%D9%81%D9%87+%D9%88%D9%8A%D8%B6%D9%8A%D8%B9+%D8%AD%D8%AF%D9%88%D8%AF%D9%87.%27%0A%0A%23%D8%A7%D9%84%D9%82%D8%B1%D8%A2%D9%86_%D8%A7%D9%84%D9%83%D8%B1%D9%8A%D9%85+%23%D9%88%D8%B1%D8%AF_%D9%8A%D9%88%D9%85%D9%8A+%23%D8%AA%D8%AF%D8%A8%D8%B1+%23%D8%AE%D8%AA%D9%85%D8%A9_%D8%A7%D9%84%D9%82%D8%B1%D8%A2%D9%86&access_token=EAAMwTvPS3DYBQwMKQCecMrfldLE14UwzzZBMMZBt7YZCEj0arIqCriM7se9bfuGIootktvHC9lOFiRVmLINFfbLrWPSccitL5KeeJ6asDjbCe5eDx6D9qlrpDetNDA1A9aaeWZApxL2bJm8LC9aaDEeKvNRylqdYUsXc2obNmqmMluh84hELv3MA7EqYtKOmEmiDaZCJwXj9XysDU (Caused by NewConnectionError("HTTPSConnection(host='graph.facebook.com', port=443): Failed to establish a new connection: [Errno 101] Network is unreachable"))
Traceback (most recent call last):
  File "/opt/hostedtoolcache/Python/3.9.25/x64/lib/python3.9/site-packages/urllib3/connection.py", line 204, in _new_conn
    sock = connection.create_connection(
  File "/opt/hostedtoolcache/Python/3.9.25/x64/lib/python3.9/site-packages/urllib3/util/connection.py", line 85, in create_connection
    raise err
  File "/opt/hostedtoolcache/Python/3.9.25/x64/lib/python3.9/site-packages/urllib3/util/connection.py", line 73, in create_connection
    sock.connect(sa)
OSError: [Errno 101] Network is unreachable

The above exception was the direct cause of the following exception:

Traceback (most recent call last):
  File "/opt/hostedtoolcache/Python/3.9.25/x64/lib/python3.9/site-packages/urllib3/connectionpool.py", line 787, in urlopen
    response = self._make_request(
  File "/opt/hostedtoolcache/Python/3.9.25/x64/lib/python3.9/site-packages/urllib3/connectionpool.py", line 488, in _make_request
    raise new_e
  File "/opt/hostedtoolcache/Python/3.9.25/x64/lib/python3.9/site-packages/urllib3/connectionpool.py", line 464, in _make_request
    self._validate_conn(conn)
  File "/opt/hostedtoolcache/Python/3.9.25/x64/lib/python3.9/site-packages/urllib3/connectionpool.py", line 1093, in _validate_conn
    conn.connect()
  File "/opt/hostedtoolcache/Python/3.9.25/x64/lib/python3.9/site-packages/urllib3/connection.py", line 759, in connect
    self.sock = sock = self._new_conn()
  File "/opt/hostedtoolcache/Python/3.9.25/x64/lib/python3.9/site-packages/urllib3/connection.py", line 219, in _new_conn
    raise NewConnectionError(
urllib3.exceptions.NewConnectionError: HTTPSConnection(host='graph.facebook.com', port=443): Failed to establish a new connection: [Errno 101] Network is unreachable

The above exception was the direct cause of the following exception:

Traceback (most recent call last):
  File "/opt/hostedtoolcache/Python/3.9.25/x64/lib/python3.9/site-packages/requests/adapters.py", line 667, in send
    resp = conn.urlopen(
  File "/opt/hostedtoolcache/Python/3.9.25/x64/lib/python3.9/site-packages/urllib3/connectionpool.py", line 841, in urlopen
    retries = retries.increment(
  File "/opt/hostedtoolcache/Python/3.9.25/x64/lib/python3.9/site-packages/urllib3/util/retry.py", line 535, in increment
    raise MaxRetryError(_pool, url, reason) from reason  # type: ignore[arg-type]
urllib3.exceptions.MaxRetryError: HTTPSConnectionPool(host='graph.facebook.com', port=443): Max retries exceeded with url: /v24.0/26311612735143647/photos?caption=%D9%88%D8%B1%D8%AF+%D8%A7%D9%84%D9%82%D8%B1%D8%A2%D9%86+%D8%A7%D9%84%D9%8A%D9%88%D9%85%D9%8A%D8%8C+%D8%B5%D9%81%D8%AD%D8%A9+158%0A%0A%27%D8%A7%D9%84%D9%84%D9%87%D9%85+%D8%A7%D8%AC%D8%B9%D9%84%D9%86%D8%A7+%D9%85%D9%85%D9%86+%D9%8A%D9%82%D9%8A%D9%85+%D8%AD%D8%B1%D9%88%D9%81%D9%87+%D9%88%D8%AD%D8%AF%D9%88%D8%AF%D9%87%D8%8C+%D9%88%D9%84%D8%A7+%D8%AA%D8%AC%D8%B9%D9%84%D9%86%D8%A7+%D9%85%D9%85%D9%86+%D9%8A%D9%82%D9%8A%D9%85+%D8%AD%D8%B1%D9%88%D9%81%D9%87+%D9%88%D9%8A%D8%B6%D9%8A%D8%B9+%D8%AD%D8%AF%D9%88%D8%AF%D9%87.%27%0A%0A%23%D8%A7%D9%84%D9%82%D8%B1%D8%A2%D9%86_%D8%A7%D9%84%D9%83%D8%B1%D9%8A%D9%85+%23%D9%88%D8%B1%D8%AF_%D9%8A%D9%88%D9%85%D9%8A+%23%D8%AA%D8%AF%D8%A8%D8%B1+%23%D8%AE%D8%AA%D9%85%D8%A9_%D8%A7%D9%84%D9%82%D8%B1%D8%A2%D9%86&access_token=EAAMwTvPS3DYBQwMKQCecMrfldLE14UwzzZBMMZBt7YZCEj0arIqCriM7se9bfuGIootktvHC9lOFiRVmLINFfbLrWPSccitL5KeeJ6asDjbCe5eDx6D9qlrpDetNDA1A9aaeWZApxL2bJm8LC9aaDEeKvNRylqdYUsXc2obNmqmMluh84hELv3MA7EqYtKOmEmiDaZCJwXj9XysDU (Caused by NewConnectionError("HTTPSConnection(host='graph.facebook.com', port=443): Failed to establish a new connection: [Errno 101] Network is unreachable"))

During handling of the above exception, another exception occurred:

Traceback (most recent call last):
  File "/home/runner/work/quranKolYoum/quranKolYoum/quran_kol_youm.py", line 156, in publish_to_facebook
    resp = requests.post(url, params=params, files=files, timeout=60)
  File "/opt/hostedtoolcache/Python/3.9.25/x64/lib/python3.9/site-packages/requests/api.py", line 115, in post
    return request("post", url, data=data, json=json, **kwargs)
  File "/opt/hostedtoolcache/Python/3.9.25/x64/lib/python3.9/site-packages/requests/api.py", line 59, in request
    return session.request(method=method, url=url, **kwargs)
  File "/opt/hostedtoolcache/Python/3.9.25/x64/lib/python3.9/site-packages/requests/sessions.py", line 589, in request
    resp = self.send(prep, **send_kwargs)
  File "/opt/hostedtoolcache/Python/3.9.25/x64/lib/python3.9/site-packages/requests/sessions.py", line 703, in send
    r = adapter.send(request, **kwargs)
  File "/opt/hostedtoolcache/Python/3.9.25/x64/lib/python3.9/site-packages/requests/adapters.py", line 700, in send
    raise ConnectionError(e, request=request)
requests.exceptions.ConnectionError: HTTPSConnectionPool(host='graph.facebook.com', port=443): Max retries exceeded with url: /v24.0/26311612735143647/photos?caption=%D9%88%D8%B1%D8%AF+%D8%A7%D9%84%D9%82%D8%B1%D8%A2%D9%86+%D8%A7%D9%84%D9%8A%D9%88%D9%85%D9%8A%D8%8C+%D8%B5%D9%81%D8%AD%D8%A9+158%0A%0A%27%D8%A7%D9%84%D9%84%D9%87%D9%85+%D8%A7%D8%AC%D8%B9%D9%84%D9%86%D8%A7+%D9%85%D9%85%D9%86+%D9%8A%D9%82%D9%8A%D9%85+%D8%AD%D8%B1%D9%88%D9%81%D9%87+%D9%88%D8%AD%D8%AF%D9%88%D8%AF%D9%87%D8%8C+%D9%88%D9%84%D8%A7+%D8%AA%D8%AC%D8%B9%D9%84%D9%86%D8%A7+%D9%85%D9%85%D9%86+%D9%8A%D9%82%D9%8A%D9%85+%D8%AD%D8%B1%D9%88%D9%81%D9%87+%D9%88%D9%8A%D8%B6%D9%8A%D8%B9+%D8%AD%D8%AF%D9%88%D8%AF%D9%87.%27%0A%0A%23%D8%A7%D9%84%D9%82%D8%B1%D8%A2%D9%86_%D8%A7%D9%84%D9%83%D8%B1%D9%8A%D9%85+%23%D9%88%D8%B1%D8%AF_%D9%8A%D9%88%D9%85%D9%8A+%23%D8%AA%D8%AF%D8%A8%D8%B1+%23%D8%AE%D8%AA%D9%85%D8%A9_%D8%A7%D9%84%D9%82%D8%B1%D8%A2%D9%86&access_token=EAAMwTvPS3DYBQwMKQCecMrfldLE14UwzzZBMMZBt7YZCEj0arIqCriM7se9bfuGIootktvHC9lOFiRVmLINFfbLrWPSccitL5KeeJ6asDjbCe5eDx6D9qlrpDetNDA1A9aaeWZApxL2bJm8LC9aaDEeKvNRylqdYUsXc2obNmqmMluh84hELv3MA7EqYtKOmEmiDaZCJwXj9XysDU (Caused by NewConnectionError("HTTPSConnection(host='graph.facebook.com', port=443): Failed to establish a new connection: [Errno 101] Network is unreachable"))
2026-04-27 12:17:57,724 - INFO - Starting publishing process...
2026-04-27 12:17:57,725 - INFO - Publishing page: 158
2026-04-27 12:17:57,725 - INFO - Caption snippet: ورد القرآن اليومي، صفحة 158

'قال ابن القيم رحمه ا...
2026-04-27 12:17:59,301 - ERROR - HTTP Error: 403 - {"error":{"message":"(#200) This endpoint is deprecated since the required permission publish_actions is deprecated","type":"OAuthException","code":200,"fbtrace_id":"A977CHVcWKevcK8lT9gFEP_"}}
2026-04-27 19:03:05,223 - INFO - Starting publishing process...
2026-04-27 19:03:05,224 - INFO - Publishing page: 158
2026-04-27 19:03:05,224 - INFO - Caption snippet: ورد القرآن اليومي، صفحة 158

'اللهم اجعل القرآن لن...
2026-04-27 19:03:05,658 - ERROR - HTTP Error: 403 - {"error":{"message":"(#200) This endpoint is deprecated since the required permission publish_actions is deprecated","type":"OAuthException","code":200,"fbtrace_id":"A5fgKRgkPaIelryS-LHq5fz"}}
2026-04-28 12:21:49,153 - INFO - Starting publishing process...
2026-04-28 12:21:49,153 - INFO - Publishing page: 158
2026-04-28 12:21:49,153 - INFO - Caption snippet: ورد القرآن اليومي، صفحة 158

'قال رسول الله ﷺ: «اق...
2026-04-28 12:21:49,783 - ERROR - HTTP Error: 403 - {"error":{"message":"(#200) This endpoint is deprecated since the required permission publish_actions is deprecated","type":"OAuthException","code":200,"fbtrace_id":"A5RiWWJkAZLPZ2NUuo_LseX"}}
2026-04-28 19:17:54,811 - INFO - Starting publishing process...
2026-04-28 19:17:54,811 - INFO - Publishing page: 158
2026-04-28 19:17:54,811 - INFO - Caption snippet: ورد القرآن اليومي، صفحة 158

'﴿لَوْ أَنزَلْنَا هَٰ...
2026-04-28 19:17:55,670 - ERROR - HTTP Error: 403 - {"error":{"message":"(#200) This endpoint is deprecated since the required permission publish_actions is deprecated","type":"OAuthException","code":200,"fbtrace_id":"AnfZ4Z24DsKqJxXVTXrFCyl"}}
2026-04-29 12:13:42,561 - INFO - Starting publishing process...
2026-04-29 12:13:42,561 - INFO - Publishing page: 158
2026-04-29 12:13:42,561 - INFO - Caption snippet: ورد القرآن اليومي، صفحة 158

'﴿كِتَابٌ أَنزَلْنَاه...
2026-04-29 12:13:43,239 - ERROR - HTTP Error: 403 - {"error":{"message":"(#200) This endpoint is deprecated since the required permission publish_actions is deprecated","type":"OAuthException","code":200,"fbtrace_id":"ApKiIvmdcPP7IALPOv27l1Y"}}
2026-04-29 19:07:20,924 - INFO - Starting publishing process...
2026-04-29 19:07:20,924 - INFO - Publishing page: 158
2026-04-29 19:07:20,924 - INFO - Caption snippet: ورد القرآن اليومي، صفحة 158

'اللهم اجعل القرآن ال...
2026-04-29 19:07:21,802 - ERROR - HTTP Error: 403 - {"error":{"message":"(#200) This endpoint is deprecated since the required permission publish_actions is deprecated","type":"OAuthException","code":200,"fbtrace_id":"AZMU83oJbjnaI31d9PLG5jm"}}
2026-04-30 12:11:17,203 - INFO - Starting publishing process...
2026-04-30 12:11:17,204 - INFO - Publishing page: 158
2026-04-30 12:11:17,204 - INFO - Caption snippet: ورد القرآن اليومي، صفحة 158

'اللهم نور بالقرآن أب...
2026-04-30 12:11:19,879 - ERROR - HTTP Error: 403 - {"error":{"message":"(#200) This endpoint is deprecated since the required permission publish_actions is deprecated","type":"OAuthException","code":200,"fbtrace_id":"A87IIGw7RakBXWyyjqcMvbg"}}
2026-04-30 19:04:58,906 - INFO - Starting publishing process...
2026-04-30 19:04:58,907 - INFO - Publishing page: 158
2026-04-30 19:04:58,907 - INFO - Caption snippet: ورد القرآن اليومي، صفحة 158

'قال رسول الله ﷺ: «ال...
2026-04-30 19:04:59,506 - ERROR - HTTP Error: 403 - {"error":{"message":"(#200) This endpoint is deprecated since the required permission publish_actions is deprecated","type":"OAuthException","code":200,"fbtrace_id":"ABsYi7Jv-q7r8GBre9Uigdn"}}
2026-05-01 11:54:29,670 - INFO - Starting publishing process...
2026-05-01 11:54:29,670 - INFO - Publishing page: 158
2026-05-01 11:54:29,670 - INFO - Caption snippet: ورد القرآن اليومي، صفحة 158

'اللهم اجعلنا ممن يقي...
2026-05-01 11:54:30,734 - ERROR - HTTP Error: 403 - {"error":{"message":"(#200) This endpoint is deprecated since the required permission publish_actions is deprecated","type":"OAuthException","code":200,"fbtrace_id":"AKC--bqSlHuV_1d_d1zF2fX"}}
2026-05-01 18:55:57,518 - INFO - Starting publishing process...
2026-05-01 18:55:57,518 - INFO - Publishing page: 158
2026-05-01 18:55:57,518 - INFO - Caption snippet: ورد القرآن اليومي، صفحة 158

'قال رسول الله ﷺ: «ال...
2026-05-01 18:55:58,653 - ERROR - HTTP Error: 403 - {"error":{"message":"(#200) This endpoint is deprecated since the required permission publish_actions is deprecated","type":"OAuthException","code":200,"fbtrace_id":"AanHSBw2HFBm2dkKkKk7_Fv"}}
2026-05-02 11:40:18,421 - INFO - Starting publishing process...
2026-05-02 11:40:18,421 - INFO - Publishing page: 158
2026-05-02 11:40:18,421 - INFO - Caption snippet: ورد القرآن اليومي، صفحة 158

'قال رسول الله ﷺ: «يق...
2026-05-02 11:40:19,924 - ERROR - HTTP Error: 403 - {"error":{"message":"(#200) This endpoint is deprecated since the required permission publish_actions is deprecated","type":"OAuthException","code":200,"fbtrace_id":"AEsvY8unTaUhUN9ahqEZcWh"}}
2026-05-02 18:41:57,507 - INFO - Starting publishing process...
2026-05-02 18:41:57,507 - INFO - Publishing page: 158
2026-05-02 18:41:57,507 - INFO - Caption snippet: ورد القرآن اليومي، صفحة 158

'اللهم ارزقنا فهم الق...
2026-05-02 18:41:58,274 - ERROR - HTTP Error: 403 - {"error":{"message":"(#200) This endpoint is deprecated since the required permission publish_actions is deprecated","type":"OAuthException","code":200,"fbtrace_id":"ADG46McWeY9F7bYxKoqKx8p"}}
2026-05-03 11:37:37,178 - INFO - Starting publishing process...
2026-05-03 11:37:37,179 - INFO - Publishing page: 158
2026-05-03 11:37:37,179 - INFO - Caption snippet: ورد القرآن اليومي، صفحة 158

'اللهم اجعل القرآن ال...
2026-05-03 11:37:38,180 - ERROR - HTTP Error: 403 - {"error":{"message":"(#200) This endpoint is deprecated since the required permission publish_actions is deprecated","type":"OAuthException","code":200,"fbtrace_id":"AEl98tOq5ncnO2vTz5RNX50"}}
2026-05-03 18:42:08,768 - INFO - Starting publishing process...
2026-05-03 18:42:08,769 - INFO - Publishing page: 158
2026-05-03 18:42:08,769 - INFO - Caption snippet: ورد القرآن اليومي، صفحة 158

'اللهم اجعلنا من أهل ...
2026-05-03 18:42:09,534 - ERROR - HTTP Error: 403 - {"error":{"message":"(#200) This endpoint is deprecated since the required permission publish_actions is deprecated","type":"OAuthException","code":200,"fbtrace_id":"ApFYn5PSRbhPLmthQKbGe_Y"}}
2026-05-04 12:18:44,023 - INFO - Starting publishing process...
2026-05-04 12:18:44,024 - INFO - Publishing page: 158
2026-05-04 12:18:44,024 - INFO - Caption snippet: ورد القرآن اليومي، صفحة 158

'قال رسول الله ﷺ: «يق...
2026-05-04 12:18:45,600 - ERROR - HTTP Error: 403 - {"error":{"message":"(#200) This endpoint is deprecated since the required permission publish_actions is deprecated","type":"OAuthException","code":200,"fbtrace_id":"Azv7-TAfdBWffeYViw0CPtf"}}
2026-05-04 19:12:33,151 - INFO - Starting publishing process...
2026-05-04 19:12:33,152 - INFO - Publishing page: 158
2026-05-04 19:12:33,152 - INFO - Caption snippet: ورد القرآن اليومي، صفحة 158

'قال رسول الله ﷺ: «يق...
2026-05-04 19:12:34,153 - ERROR - HTTP Error: 403 - {"error":{"message":"(#200) This endpoint is deprecated since the required permission publish_actions is deprecated","type":"OAuthException","code":200,"fbtrace_id":"ASRglalFeUPMq8bIK9L3rOX"}}
2026-05-05 11:56:05,562 - INFO - Starting publishing process...
2026-05-05 11:56:05,562 - INFO - Publishing page: 158
2026-05-05 11:56:05,562 - INFO - Caption snippet: ورد القرآن اليومي، صفحة 158

'﴿اللَّهُ نَزَّلَ أَح...
2026-05-05 11:56:06,381 - ERROR - HTTP Error: 403 - {"error":{"message":"(#200) This endpoint is deprecated since the required permission publish_actions is deprecated","type":"OAuthException","code":200,"fbtrace_id":"Af0hygHR_ZP3K8R6oTdnpIx"}}
2026-05-05 19:03:55,622 - INFO - Starting publishing process...
2026-05-05 19:03:55,623 - INFO - Publishing page: 158
2026-05-05 19:03:55,623 - INFO - Caption snippet: ورد القرآن اليومي، صفحة 158

'قال رسول الله ﷺ: «من...
2026-05-05 19:03:56,355 - ERROR - HTTP Error: 403 - {"error":{"message":"(#200) This endpoint is deprecated since the required permission publish_actions is deprecated","type":"OAuthException","code":200,"fbtrace_id":"AbfD7O6VxBOTo2GX8UOamH_"}}
2026-05-06 12:24:52,034 - INFO - Starting publishing process...
2026-05-06 12:24:52,034 - INFO - Publishing page: 158
2026-05-06 12:24:52,034 - INFO - Caption snippet: ورد القرآن اليومي، صفحة 158

'اللهم اجعلنا ممن يقي...
2026-05-06 12:24:52,787 - ERROR - HTTP Error: 403 - {"error":{"message":"(#200) This endpoint is deprecated since the required permission publish_actions is deprecated","type":"OAuthException","code":200,"fbtrace_id":"ASptLFQq1Rqr3wmpApEWGCC"}}
2026-05-06 19:19:54,900 - INFO - Starting publishing process...
2026-05-06 19:19:54,900 - INFO - Publishing page: 158
2026-05-06 19:19:54,900 - INFO - Caption snippet: ورد القرآن اليومي، صفحة 158

'قال عبد الله بن مسعو...
2026-05-06 19:19:55,541 - ERROR - HTTP Error: 403 - {"error":{"message":"(#200) This endpoint is deprecated since the required permission publish_actions is deprecated","type":"OAuthException","code":200,"fbtrace_id":"AjIr7WLv0WJIZOOjxvcw6c_"}}
2026-05-07 12:26:19,341 - INFO - Starting publishing process...
2026-05-07 12:26:19,341 - INFO - Publishing page: 158
2026-05-07 12:26:19,341 - INFO - Caption snippet: ورد القرآن اليومي، صفحة 158

'﴿اللَّهُ نَزَّلَ أَح...
2026-05-07 12:26:19,948 - ERROR - HTTP Error: 403 - {"error":{"message":"(#200) This endpoint is deprecated since the required permission publish_actions is deprecated","type":"OAuthException","code":200,"fbtrace_id":"AX2dS7LWn0aXSguywQc3lSL"}}
2026-05-07 19:24:44,669 - INFO - Starting publishing process...
2026-05-07 19:24:44,669 - INFO - Publishing page: 158
2026-05-07 19:24:44,670 - INFO - Caption snippet: ورد القرآن اليومي، صفحة 158

'قال عبد الله بن مسعو...
2026-05-07 19:24:45,487 - ERROR - HTTP Error: 403 - {"error":{"message":"(#200) This endpoint is deprecated since the required permission publish_actions is deprecated","type":"OAuthException","code":200,"fbtrace_id":"A-haliOhWsMMbm45IOOgTtN"}}
2026-05-08 12:06:12,668 - INFO - Starting publishing process...
2026-05-08 12:06:12,668 - INFO - Publishing page: 158
2026-05-08 12:06:12,668 - INFO - Caption snippet: ورد القرآن اليومي، صفحة 158

'اللهم ألبسنا به الحل...
2026-05-08 12:06:13,975 - ERROR - HTTP Error: 403 - {"error":{"message":"(#200) This endpoint is deprecated since the required permission publish_actions is deprecated","type":"OAuthException","code":200,"fbtrace_id":"AMTXsZjEjiy8OZEpl6RzOQq"}}
2026-05-08 19:02:49,159 - INFO - Starting publishing process...
2026-05-08 19:02:49,160 - INFO - Publishing page: 158
2026-05-08 19:02:49,160 - INFO - Caption snippet: ورد القرآن اليومي، صفحة 158

'﴿أَفَلَا يَتَدَبَّرُ...
2026-05-08 19:02:49,875 - ERROR - HTTP Error: 403 - {"error":{"message":"(#200) This endpoint is deprecated since the required permission publish_actions is deprecated","type":"OAuthException","code":200,"fbtrace_id":"A2gufJIx2ht8KWsS0yQq5Tt"}}
2026-05-09 11:44:19,822 - INFO - Starting publishing process...
2026-05-09 11:44:19,822 - INFO - Publishing page: 158
2026-05-09 11:44:19,822 - INFO - Caption snippet: ورد القرآن اليومي، صفحة 158

'اللهم ذكرنا من القرآ...
2026-05-09 11:44:20,540 - ERROR - HTTP Error: 403 - {"error":{"message":"(#200) This endpoint is deprecated since the required permission publish_actions is deprecated","type":"OAuthException","code":200,"fbtrace_id":"ArWTsMzgQfgRh3TbjmptwOd"}}
2026-05-09 18:42:56,424 - INFO - Starting publishing process...
2026-05-09 18:42:56,425 - INFO - Publishing page: 158
2026-05-09 18:42:56,425 - INFO - Caption snippet: ورد القرآن اليومي، صفحة 158

'اللهم نور بالقرآن أب...
2026-05-09 18:42:56,934 - ERROR - HTTP Error: 403 - {"error":{"message":"(#200) This endpoint is deprecated since the required permission publish_actions is deprecated","type":"OAuthException","code":200,"fbtrace_id":"A3GBzzA3MDi6XtD53kFJvPD"}}
2026-05-10 11:44:26,601 - INFO - Starting publishing process...
2026-05-10 11:44:26,601 - INFO - Publishing page: 158
2026-05-10 11:44:26,601 - INFO - Caption snippet: ورد القرآن اليومي، صفحة 158

'قال خباب بن الأرت رض...
2026-05-10 11:44:27,381 - ERROR - HTTP Error: 403 - {"error":{"message":"(#200) This endpoint is deprecated since the required permission publish_actions is deprecated","type":"OAuthException","code":200,"fbtrace_id":"Am96OvUIEBgIMgacu2Oi6aL"}}
2026-05-10 18:44:24,888 - INFO - Starting publishing process...
2026-05-10 18:44:24,889 - INFO - Publishing page: 158
2026-05-10 18:44:24,889 - INFO - Caption snippet: ورد القرآن اليومي، صفحة 158

'﴿إِنَّ هَٰذَا الْقُر...
2026-05-10 18:44:25,710 - ERROR - HTTP Error: 403 - {"error":{"message":"(#200) This endpoint is deprecated since the required permission publish_actions is deprecated","type":"OAuthException","code":200,"fbtrace_id":"AAJBUgCBm8RGEvr_0cErygq"}}
2026-05-11 13:42:37,816 - INFO - Starting publishing process...
2026-05-11 13:42:37,817 - INFO - Publishing page: 158
2026-05-11 13:42:37,817 - INFO - Caption snippet: ورد القرآن اليومي، صفحة 158

'اللهم ذكرنا من القرآ...
2026-05-11 13:42:38,898 - ERROR - HTTP Error: 403 - {"error":{"message":"(#200) This endpoint is deprecated since the required permission publish_actions is deprecated","type":"OAuthException","code":200,"fbtrace_id":"Aqsrr0fYkcHHIk1OzfAGbGl"}}
2026-05-11 19:26:31,409 - INFO - Starting publishing process...
2026-05-11 19:26:31,410 - INFO - Publishing page: 158
2026-05-11 19:26:31,410 - INFO - Caption snippet: ورد القرآن اليومي، صفحة 158

'قال عمر بن الخطاب رض...
2026-05-11 19:26:32,394 - ERROR - HTTP Error: 403 - {"error":{"message":"(#200) This endpoint is deprecated since the required permission publish_actions is deprecated","type":"OAuthException","code":200,"fbtrace_id":"AI7sBrmy8w4MCd8MJUJh98y"}}
2026-05-12 13:02:01,484 - INFO - Starting publishing process...
2026-05-12 13:02:01,484 - INFO - Publishing page: 158
2026-05-12 13:02:01,485 - INFO - Caption snippet: ورد القرآن اليومي، صفحة 158

'قال ابن القيم رحمه ا...
2026-05-12 13:02:02,887 - ERROR - HTTP Error: 403 - {"error":{"message":"(#200) This endpoint is deprecated since the required permission publish_actions is deprecated","type":"OAuthException","code":200,"fbtrace_id":"AMCoklLidq-FHxDcIq0otbE"}}
2026-05-12 19:27:04,905 - INFO - Starting publishing process...
2026-05-12 19:27:04,905 - INFO - Publishing page: 158
2026-05-12 19:27:04,905 - INFO - Caption snippet: ورد القرآن اليومي، صفحة 158

'اللهم اجعلنا ممن يحل...
2026-05-12 19:27:05,522 - ERROR - HTTP Error: 403 - {"error":{"message":"(#200) This endpoint is deprecated since the required permission publish_actions is deprecated","type":"OAuthException","code":200,"fbtrace_id":"Agl9CTUYnzQqzl_pzKAXpkA"}}
2026-05-13 13:07:38,698 - INFO - Starting publishing process...
2026-05-13 13:07:38,698 - INFO - Publishing page: 158
2026-05-13 13:07:38,699 - INFO - Caption snippet: ورد القرآن اليومي، صفحة 158

'اللهم اجعلنا ممن يقي...
2026-05-13 13:07:39,178 - ERROR - HTTP Error: 400 - {"error":{"message":"Error validating access token: Session has expired on Wednesday, 13-May-26 03:41:56 PDT. The current time is Wednesday, 13-May-26 06:07:38 PDT.","type":"OAuthException","code":190,"error_subcode":463,"fbtrace_id":"A5MLveHQryeHUglPCd3y7R1"}}
2026-05-13 19:29:44,103 - INFO - Starting publishing process...
2026-05-13 19:29:44,104 - INFO - Publishing page: 158
2026-05-13 19:29:44,104 - INFO - Caption snippet: ورد القرآن اليومي، صفحة 158

'قال خباب بن الأرت رض...
2026-05-13 19:29:44,981 - ERROR - HTTP Error: 400 - {"error":{"message":"Error validating access token: Session has expired on Wednesday, 13-May-26 03:41:56 PDT. The current time is Wednesday, 13-May-26 12:29:44 PDT.","type":"OAuthException","code":190,"error_subcode":463,"fbtrace_id":"AbGJ6II-9DmHB6z6XGoksJ5"}}
2026-05-14 12:22:42,510 - INFO - Starting publishing process...
2026-05-14 12:22:42,510 - INFO - Publishing page: 158
2026-05-14 12:22:42,510 - INFO - Caption snippet: ورد القرآن اليومي، صفحة 158

'اللهم اجعل القرآن لن...
2026-05-14 12:22:43,784 - ERROR - HTTP Error: 400 - {"error":{"message":"Error validating access token: Session has expired on Wednesday, 13-May-26 03:41:56 PDT. The current time is Thursday, 14-May-26 05:22:43 PDT.","type":"OAuthException","code":190,"error_subcode":463,"fbtrace_id":"ADtGqZu6pbf6MrqOpinYLF5"}}
2026-05-14 19:26:29,163 - INFO - Starting publishing process...
2026-05-14 19:26:29,164 - INFO - Publishing page: 158
2026-05-14 19:26:29,164 - INFO - Caption snippet: ورد القرآن اليومي، صفحة 158

'﴿كِتَابٌ أَنزَلْنَاه...
2026-05-14 19:26:29,482 - ERROR - HTTP Error: 400 - {"error":{"message":"Error validating access token: Session has expired on Wednesday, 13-May-26 03:41:56 PDT. The current time is Thursday, 14-May-26 12:26:29 PDT.","type":"OAuthException","code":190,"error_subcode":463,"fbtrace_id":"Az22jNHKSYGsGao5kxNhn0K"}}
2026-05-15 12:28:09,055 - INFO - Starting publishing process...
2026-05-15 12:28:09,055 - INFO - Publishing page: 158
2026-05-15 12:28:09,055 - INFO - Caption snippet: ورد القرآن اليومي، صفحة 158

'﴿اللَّهُ نَزَّلَ أَح...
2026-05-15 12:28:09,288 - ERROR - HTTP Error: 400 - {"error":{"message":"Error validating access token: Session has expired on Wednesday, 13-May-26 03:41:56 PDT. The current time is Friday, 15-May-26 05:28:09 PDT.","type":"OAuthException","code":190,"error_subcode":463,"fbtrace_id":"Aa08OgMmFsMKrY8W9o30543"}}
2026-05-15 19:14:56,074 - INFO - Starting publishing process...
2026-05-15 19:14:56,074 - INFO - Publishing page: 158
2026-05-15 19:14:56,074 - INFO - Caption snippet: ورد القرآن اليومي، صفحة 158

'قال رسول الله ﷺ: «يق...
2026-05-15 19:14:56,749 - ERROR - HTTP Error: 400 - {"error":{"message":"Error validating access token: Session has expired on Wednesday, 13-May-26 03:41:56 PDT. The current time is Friday, 15-May-26 12:14:56 PDT.","type":"OAuthException","code":190,"error_subcode":463,"fbtrace_id":"ABz6dMO2D_PUzNr_QEFjFQQ"}}
2026-05-16 11:44:51,865 - INFO - Starting publishing process...
2026-05-16 11:44:51,866 - INFO - Publishing page: 158
2026-05-16 11:44:51,866 - INFO - Caption snippet: ورد القرآن اليومي، صفحة 158

'اللهم اجعلنا ممن يقي...
2026-05-16 11:44:52,182 - ERROR - HTTP Error: 400 - {"error":{"message":"Error validating access token: Session has expired on Wednesday, 13-May-26 03:41:56 PDT. The current time is Saturday, 16-May-26 04:44:52 PDT.","type":"OAuthException","code":190,"error_subcode":463,"fbtrace_id":"ATaV0OU5O7tR68Bp518R41Q"}}
2026-05-16 18:47:52,416 - INFO - Starting publishing process...
2026-05-16 18:47:52,416 - INFO - Publishing page: 158
2026-05-16 18:47:52,416 - INFO - Caption snippet: ورد القرآن اليومي، صفحة 158

'قال ابن القيم رحمه ا...
2026-05-16 18:47:52,840 - ERROR - HTTP Error: 400 - {"error":{"message":"Error validating access token: Session has expired on Wednesday, 13-May-26 03:41:56 PDT. The current time is Saturday, 16-May-26 11:47:52 PDT.","type":"OAuthException","code":190,"error_subcode":463,"fbtrace_id":"AfBEB00m9dGGJ6watGgQ-sH"}}
2026-05-17 11:57:35,709 - INFO - Starting publishing process...
2026-05-17 11:57:35,710 - INFO - Publishing page: 158
2026-05-17 11:57:35,710 - INFO - Caption snippet: ورد القرآن اليومي، صفحة 158

'اللهم اجعلنا ممن يقي...
2026-05-17 11:57:36,063 - ERROR - HTTP Error: 400 - {"error":{"message":"Error validating access token: Session has expired on Wednesday, 13-May-26 03:41:56 PDT. The current time is Sunday, 17-May-26 04:57:35 PDT.","type":"OAuthException","code":190,"error_subcode":463,"fbtrace_id":"AYfu9Ya3dRF1FjQdMJhcN9g"}}
2026-05-17 18:52:17,253 - INFO - Starting publishing process...
2026-05-17 18:52:17,254 - INFO - Publishing page: 158
2026-05-17 18:52:17,254 - INFO - Caption snippet: ورد القرآن اليومي، صفحة 158

'قال عمر بن الخطاب رض...
2026-05-17 18:52:17,790 - ERROR - HTTP Error: 400 - {"error":{"message":"Error validating access token: Session has expired on Wednesday, 13-May-26 03:41:56 PDT. The current time is Sunday, 17-May-26 11:52:17 PDT.","type":"OAuthException","code":190,"error_subcode":463,"fbtrace_id":"AmpedA_h1dsHtMIEhvzHE3J"}}
2026-05-18 14:26:27,801 - INFO - Starting publishing process...
2026-05-18 14:26:27,802 - INFO - Publishing page: 158
2026-05-18 14:26:27,802 - INFO - Caption snippet: ورد القرآن اليومي، صفحة 158

'قال خباب بن الأرت رض...
2026-05-18 14:26:28,030 - ERROR - HTTP Error: 400 - {"error":{"message":"Error validating access token: Session has expired on Wednesday, 13-May-26 03:41:56 PDT. The current time is Monday, 18-May-26 07:26:27 PDT.","type":"OAuthException","code":190,"error_subcode":463,"fbtrace_id":"AAW12wVeH6LIFaa8775eStZ"}}
2026-05-18 19:22:57,758 - INFO - Starting publishing process...
2026-05-18 19:22:57,759 - INFO - Publishing page: 158
2026-05-18 19:22:57,759 - INFO - Caption snippet: ورد القرآن اليومي، صفحة 158

'﴿لَوْ أَنزَلْنَا هَٰ...
2026-05-18 19:22:58,570 - ERROR - HTTP Error: 400 - {"error":{"message":"Error validating access token: Session has expired on Wednesday, 13-May-26 03:41:56 PDT. The current time is Monday, 18-May-26 12:22:58 PDT.","type":"OAuthException","code":190,"error_subcode":463,"fbtrace_id":"A0_iYXVq9f9RZ60fQjM6gee"}}
2026-05-19 13:52:17,876 - INFO - Starting publishing process...
2026-05-19 13:52:17,876 - INFO - Publishing page: 158
2026-05-19 13:52:17,876 - INFO - Caption snippet: ورد القرآن اليومي، صفحة 158

'اللهم اجعل القرآن ال...
2026-05-19 13:52:18,156 - ERROR - HTTP Error: 400 - {"error":{"message":"Error validating access token: Session has expired on Wednesday, 13-May-26 03:41:56 PDT. The current time is Tuesday, 19-May-26 06:52:18 PDT.","type":"OAuthException","code":190,"error_subcode":463,"fbtrace_id":"AX_EAf5ZlSh0JDtxB4jhxO8"}}
2026-05-19 19:41:54,524 - INFO - Starting publishing process...
2026-05-19 19:41:54,525 - INFO - Publishing page: 158
2026-05-19 19:41:54,525 - INFO - Caption snippet: ورد القرآن اليومي، صفحة 158

'قال رسول الله ﷺ: «يق...
2026-05-19 19:41:55,044 - ERROR - HTTP Error: 400 - {"error":{"message":"Error validating access token: Session has expired on Wednesday, 13-May-26 03:41:56 PDT. The current time is Tuesday, 19-May-26 12:41:54 PDT.","type":"OAuthException","code":190,"error_subcode":463,"fbtrace_id":"AsI9pQFpHRchw3rgGaN5ufP"}}
2026-05-20 13:34:37,932 - INFO - Starting publishing process...
2026-05-20 13:34:37,932 - INFO - Publishing page: 158
2026-05-20 13:34:37,932 - INFO - Caption snippet: ورد القرآن اليومي، صفحة 158

'اللهم اجعل القرآن ال...
2026-05-20 13:34:38,508 - ERROR - HTTP Error: 400 - {"error":{"message":"Error validating access token: Session has expired on Wednesday, 13-May-26 03:41:56 PDT. The current time is Wednesday, 20-May-26 06:34:38 PDT.","type":"OAuthException","code":190,"error_subcode":463,"fbtrace_id":"AoXpRxZ5YwYB330gWzuIBiN"}}
2026-05-20 20:00:42,536 - INFO - Starting publishing process...
2026-05-20 20:00:42,537 - INFO - Publishing page: 158
2026-05-20 20:00:42,537 - INFO - Caption snippet: ورد القرآن اليومي، صفحة 158

'قال ابن القيم رحمه ا...
2026-05-20 20:00:42,795 - ERROR - HTTP Error: 400 - {"error":{"message":"Error validating access token: Session has expired on Wednesday, 13-May-26 03:41:56 PDT. The current time is Wednesday, 20-May-26 13:00:42 PDT.","type":"OAuthException","code":190,"error_subcode":463,"fbtrace_id":"AMZqNQCzK3A2o2sSzaV4dW1"}}
2026-05-21 14:01:07,966 - INFO - Starting publishing process...
2026-05-21 14:01:07,967 - INFO - Publishing page: 158
2026-05-21 14:01:07,967 - INFO - Caption snippet: ورد القرآن اليومي، صفحة 158

'قال عمر بن الخطاب رض...
2026-05-21 14:01:08,337 - ERROR - HTTP Error: 400 - {"error":{"message":"Error validating access token: Session has expired on Wednesday, 13-May-26 03:41:56 PDT. The current time is Thursday, 21-May-26 07:01:08 PDT.","type":"OAuthException","code":190,"error_subcode":463,"fbtrace_id":"AT2KAou2HPJYqjS2tOKu0-_"}}
2026-05-21 19:42:07,586 - INFO - Starting publishing process...
2026-05-21 19:42:07,586 - INFO - Publishing page: 158
2026-05-21 19:42:07,586 - INFO - Caption snippet: ورد القرآن اليومي، صفحة 158

'اللهم ذكرنا من القرآ...
2026-05-21 19:42:08,264 - ERROR - HTTP Error: 400 - {"error":{"message":"Error validating access token: Session has expired on Wednesday, 13-May-26 03:41:56 PDT. The current time is Thursday, 21-May-26 12:42:08 PDT.","type":"OAuthException","code":190,"error_subcode":463,"fbtrace_id":"As_5g0HreajMAQDBeSSzNWY"}}
2026-05-22 13:26:46,045 - INFO - Starting publishing process...
2026-05-22 13:26:46,045 - INFO - Publishing page: 158
2026-05-22 13:26:46,046 - INFO - Caption snippet: ورد القرآن اليومي، صفحة 158

'اللهم اجعلنا من أهل ...
2026-05-22 13:26:46,364 - ERROR - HTTP Error: 400 - {"error":{"message":"Error validating access token: Session has expired on Wednesday, 13-May-26 03:41:56 PDT. The current time is Friday, 22-May-26 06:26:46 PDT.","type":"OAuthException","code":190,"error_subcode":463,"fbtrace_id":"AaJ_-ZdjY0NRoihg8-8jxO9"}}
2026-05-22 19:21:38,994 - INFO - Starting publishing process...
2026-05-22 19:21:38,995 - INFO - Publishing page: 158
2026-05-22 19:21:38,995 - INFO - Caption snippet: ورد القرآن اليومي، صفحة 158

'قال عمر بن الخطاب رض...
2026-05-22 19:21:39,392 - ERROR - HTTP Error: 400 - {"error":{"message":"Error validating access token: Session has expired on Wednesday, 13-May-26 03:41:56 PDT. The current time is Friday, 22-May-26 12:21:39 PDT.","type":"OAuthException","code":190,"error_subcode":463,"fbtrace_id":"AdrEBRELbxB3k2v4g4YcB3q"}}
2026-05-23 11:57:05,925 - INFO - Starting publishing process...
2026-05-23 11:57:05,925 - INFO - Publishing page: 158
2026-05-23 11:57:05,925 - INFO - Caption snippet: ورد القرآن اليومي، صفحة 158

'﴿إِنَّ هَٰذَا الْقُر...
2026-05-23 11:57:06,208 - ERROR - HTTP Error: 400 - {"error":{"message":"Error validating access token: Session has expired on Wednesday, 13-May-26 03:41:56 PDT. The current time is Saturday, 23-May-26 04:57:06 PDT.","type":"OAuthException","code":190,"error_subcode":463,"fbtrace_id":"ARy8Qqg2otgFwxUC0txGs9j"}}
2026-05-23 18:54:02,245 - INFO - Starting publishing process...
2026-05-23 18:54:02,246 - INFO - Publishing page: 158
2026-05-23 18:54:02,246 - INFO - Caption snippet: ورد القرآن اليومي، صفحة 158

'اللهم اجعلنا ممن يقي...
2026-05-23 18:54:02,658 - ERROR - HTTP Error: 400 - {"error":{"message":"Error validating access token: Session has expired on Wednesday, 13-May-26 03:41:56 PDT. The current time is Saturday, 23-May-26 11:54:02 PDT.","type":"OAuthException","code":190,"error_subcode":463,"fbtrace_id":"A8UI8xjrxLPt26ameaoyM_h"}}
2026-05-24 11:58:32,313 - INFO - Starting publishing process...
2026-05-24 11:58:32,314 - INFO - Publishing page: 158
2026-05-24 11:58:32,314 - INFO - Caption snippet: ورد القرآن اليومي، صفحة 158

'اللهم اجعلنا ممن يقي...
2026-05-24 11:58:32,876 - ERROR - HTTP Error: 400 - {"error":{"message":"Error validating access token: Session has expired on Wednesday, 13-May-26 03:41:56 PDT. The current time is Sunday, 24-May-26 04:58:32 PDT.","type":"OAuthException","code":190,"error_subcode":463,"fbtrace_id":"AIrSOkVLMn88MmuIh8A7apJ"}}
2026-05-24 18:59:51,031 - INFO - Starting publishing process...
2026-05-24 18:59:51,032 - INFO - Publishing page: 158
2026-05-24 18:59:51,032 - INFO - Caption snippet: ورد القرآن اليومي، صفحة 158

'اللهم اجعل القرآن لن...
2026-05-24 18:59:51,492 - ERROR - HTTP Error: 400 - {"error":{"message":"Error validating access token: Session has expired on Wednesday, 13-May-26 03:41:56 PDT. The current time is Sunday, 24-May-26 11:59:51 PDT.","type":"OAuthException","code":190,"error_subcode":463,"fbtrace_id":"Au0yxaIVjZyx5MqbKkSzhUc"}}
2026-05-25 13:56:26,561 - INFO - Starting publishing process...
2026-05-25 13:56:26,562 - INFO - Publishing page: 158
2026-05-25 13:56:26,562 - INFO - Caption snippet: ورد القرآن اليومي، صفحة 158

'اللهم نور بالقرآن أب...
2026-05-25 13:56:26,936 - ERROR - HTTP Error: 400 - {"error":{"message":"Error validating access token: Session has expired on Wednesday, 13-May-26 03:41:56 PDT. The current time is Monday, 25-May-26 06:56:26 PDT.","type":"OAuthException","code":190,"error_subcode":463,"fbtrace_id":"AEHPO6lMd7RS85clez5ofI7"}}
2026-05-25 19:14:27,917 - INFO - Starting publishing process...
2026-05-25 19:14:27,917 - INFO - Publishing page: 158
2026-05-25 19:14:27,917 - INFO - Caption snippet: ورد القرآن اليومي، صفحة 158

'اللهم نور بالقرآن أب...
2026-05-25 19:14:28,165 - ERROR - HTTP Error: 400 - {"error":{"message":"Error validating access token: Session has expired on Wednesday, 13-May-26 03:41:56 PDT. The current time is Monday, 25-May-26 12:14:28 PDT.","type":"OAuthException","code":190,"error_subcode":463,"fbtrace_id":"AJUJ-ZvlUMT4xnpMOHG-a98"}}
2026-05-26 13:50:14,727 - INFO - Starting publishing process...
2026-05-26 13:50:14,728 - INFO - Publishing page: 158
2026-05-26 13:50:14,728 - INFO - Caption snippet: ورد القرآن اليومي، صفحة 158

'قال خباب بن الأرت رض...
2026-05-26 13:50:15,148 - ERROR - HTTP Error: 400 - {"error":{"message":"Error validating access token: Session has expired on Wednesday, 13-May-26 03:41:56 PDT. The current time is Tuesday, 26-May-26 06:50:15 PDT.","type":"OAuthException","code":190,"error_subcode":463,"fbtrace_id":"ArrZBT5B9t6wI4VtAJ0YUqk"}}
2026-05-26 19:53:46,082 - INFO - Starting publishing process...
2026-05-26 19:53:46,082 - INFO - Publishing page: 158
2026-05-26 19:53:46,082 - INFO - Caption snippet: ورد القرآن اليومي، صفحة 158

'قال رسول الله ﷺ: «اق...
2026-05-26 19:53:46,424 - ERROR - HTTP Error: 400 - {"error":{"message":"Error validating access token: Session has expired on Wednesday, 13-May-26 03:41:56 PDT. The current time is Tuesday, 26-May-26 12:53:46 PDT.","type":"OAuthException","code":190,"error_subcode":463,"fbtrace_id":"AinjJWzXzuatT9hHEPHldIO"}}
2026-05-27 14:23:28,272 - INFO - Starting publishing process...
2026-05-27 14:23:28,272 - INFO - Publishing page: 158
2026-05-27 14:23:28,272 - INFO - Caption snippet: ورد القرآن اليومي، صفحة 158

'اللهم اجعلنا من أهل ...
2026-05-27 14:23:29,072 - ERROR - HTTP Error: 400 - {"error":{"message":"Error validating access token: Session has expired on Wednesday, 13-May-26 03:41:56 PDT. The current time is Wednesday, 27-May-26 07:23:28 PDT.","type":"OAuthException","code":190,"error_subcode":463,"fbtrace_id":"AsH2vs-9tFyNeeybVKYxSSF"}}
2026-05-27 19:57:47,491 - INFO - Starting publishing process...
2026-05-27 19:57:47,491 - INFO - Publishing page: 158
2026-05-27 19:57:47,492 - INFO - Caption snippet: ورد القرآن اليومي، صفحة 158

'اللهم ارزقنا فهم الق...
2026-05-27 19:57:48,264 - ERROR - HTTP Error: 400 - {"error":{"message":"Error validating access token: Session has expired on Wednesday, 13-May-26 03:41:56 PDT. The current time is Wednesday, 27-May-26 12:57:48 PDT.","type":"OAuthException","code":190,"error_subcode":463,"fbtrace_id":"AwbP04TG24J8hrwx7jeJAHz"}}
2026-05-28 14:33:46,450 - INFO - Starting publishing process...
2026-05-28 14:33:46,450 - INFO - Publishing page: 158
2026-05-28 14:33:46,450 - INFO - Caption snippet: ورد القرآن اليومي، صفحة 158

'﴿لَوْ أَنزَلْنَا هَٰ...
2026-05-28 14:33:47,264 - ERROR - HTTP Error: 400 - {"error":{"message":"Error validating access token: Session has expired on Wednesday, 13-May-26 03:41:56 PDT. The current time is Thursday, 28-May-26 07:33:47 PDT.","type":"OAuthException","code":190,"error_subcode":463,"fbtrace_id":"ABQAzlzgtqeHL0P9J_6KYTX"}}
2026-05-28 20:04:05,899 - INFO - Starting publishing process...
2026-05-28 20:04:05,899 - INFO - Publishing page: 158
2026-05-28 20:04:05,899 - INFO - Caption snippet: ورد القرآن اليومي، صفحة 158

'قال رسول الله ﷺ: «اق...
2026-05-28 20:04:06,212 - ERROR - HTTP Error: 400 - {"error":{"message":"Error validating access token: Session has expired on Wednesday, 13-May-26 03:41:56 PDT. The current time is Thursday, 28-May-26 13:04:06 PDT.","type":"OAuthException","code":190,"error_subcode":463,"fbtrace_id":"AbO7xPLX23vTxwYo2outSkh"}}
2026-05-29 13:54:12,312 - INFO - Starting publishing process...
2026-05-29 13:54:12,312 - INFO - Publishing page: 158
2026-05-29 13:54:12,312 - INFO - Caption snippet: ورد القرآن اليومي، صفحة 158

'اللهم ذكرنا من القرآ...
2026-05-29 13:54:12,562 - ERROR - HTTP Error: 400 - {"error":{"message":"Error validating access token: The session has been invalidated because the user changed their password or Facebook has changed the session for security reasons.","type":"OAuthException","code":190,"error_subcode":460,"fbtrace_id":"AdS9GwY7gBGVCLOcfDBRZqZ"}}
2026-05-29 20:06:48,929 - INFO - Starting publishing process...
2026-05-29 20:06:48,930 - INFO - Publishing page: 158
2026-05-29 20:06:48,930 - INFO - Caption snippet: ورد القرآن اليومي، صفحة 158

'قال عمر بن الخطاب رض...
2026-05-29 20:06:49,279 - ERROR - HTTP Error: 400 - {"error":{"message":"Error validating access token: The session has been invalidated because the user changed their password or Facebook has changed the session for security reasons.","type":"OAuthException","code":190,"error_subcode":460,"fbtrace_id":"AuG4j2TG-EBPRgL6UU5TN_a"}}
2026-05-30 12:01:57,057 - INFO - Starting publishing process...
2026-05-30 12:01:57,057 - INFO - Publishing page: 158
2026-05-30 12:01:57,058 - INFO - Caption snippet: ورد القرآن اليومي، صفحة 158

'﴿لَوْ أَنزَلْنَا هَٰ...
2026-05-30 12:01:57,486 - ERROR - HTTP Error: 400 - {"error":{"message":"Error validating access token: The session has been invalidated because the user changed their password or Facebook has changed the session for security reasons.","type":"OAuthException","code":190,"error_subcode":460,"fbtrace_id":"AqWpY4nkhdkCP1XtKBAmIa2"}}
2026-05-30 18:57:44,522 - INFO - Starting publishing process...
2026-05-30 18:57:44,523 - INFO - Publishing page: 158
2026-05-30 18:57:44,523 - INFO - Caption snippet: ورد القرآن اليومي، صفحة 158

'قال عبد الله بن مسعو...
2026-05-30 18:57:45,042 - ERROR - HTTP Error: 400 - {"error":{"message":"Error validating access token: The session has been invalidated because the user changed their password or Facebook has changed the session for security reasons.","type":"OAuthException","code":190,"error_subcode":460,"fbtrace_id":"AMe4fPgMYKmohkB_EtLq2Z4"}}
2026-05-31 12:07:14,757 - INFO - Starting publishing process...
2026-05-31 12:07:14,758 - INFO - Publishing page: 158
2026-05-31 12:07:14,758 - INFO - Caption snippet: ورد القرآن اليومي، صفحة 158

'قال خباب بن الأرت رض...
2026-05-31 12:07:15,177 - ERROR - HTTP Error: 400 - {"error":{"message":"Error validating access token: The session has been invalidated because the user changed their password or Facebook has changed the session for security reasons.","type":"OAuthException","code":190,"error_subcode":460,"fbtrace_id":"A6uLBdX7ItbM9xYs2fAA3bU"}}
2026-05-31 19:01:23,810 - INFO - Starting publishing process...
2026-05-31 19:01:23,811 - INFO - Publishing page: 158
2026-05-31 19:01:23,811 - INFO - Caption snippet: ورد القرآن اليومي، صفحة 158

'اللهم اجعل القرآن ال...
2026-05-31 19:01:25,380 - ERROR - HTTP Error: 400 - {"error":{"message":"Error validating access token: The session has been invalidated because the user changed their password or Facebook has changed the session for security reasons.","type":"OAuthException","code":190,"error_subcode":460,"fbtrace_id":"A_c3fftl_PXPrSubZdKtOby"}}
2026-06-01 16:33:27,444 - INFO - Starting publishing process...
2026-06-01 16:33:27,444 - INFO - Publishing page: 158
2026-06-01 16:33:27,444 - INFO - Caption snippet: ورد القرآن اليومي، صفحة 158

'اللهم اجعل القرآن ال...
2026-06-01 16:33:27,835 - ERROR - HTTP Error: 400 - {"error":{"message":"Error validating access token: The session has been invalidated because the user changed their password or Facebook has changed the session for security reasons.","type":"OAuthException","code":190,"error_subcode":460,"fbtrace_id":"AeMhbYpyrj35Kii5_RoA71f"}}
2026-06-01 21:20:09,288 - INFO - Starting publishing process...
2026-06-01 21:20:09,289 - INFO - Publishing page: 158
2026-06-01 21:20:09,289 - INFO - Caption snippet: ورد القرآن اليومي، صفحة 158

'اللهم اجعل القرآن ال...
2026-06-01 21:20:09,634 - ERROR - HTTP Error: 400 - {"error":{"message":"Error validating access token: The session has been invalidated because the user changed their password or Facebook has changed the session for security reasons.","type":"OAuthException","code":190,"error_subcode":460,"fbtrace_id":"AWrEKoRu7jd3syyabpjZCgZ"}}
2026-06-02 14:47:10,772 - INFO - Starting publishing process...
2026-06-02 14:47:10,773 - INFO - Publishing page: 158
2026-06-02 14:47:10,773 - INFO - Caption snippet: ورد القرآن اليومي، صفحة 158

'قال رسول الله ﷺ: «ال...
2026-06-02 14:47:11,412 - ERROR - HTTP Error: 400 - {"error":{"message":"Error validating access token: The session has been invalidated because the user changed their password or Facebook has changed the session for security reasons.","type":"OAuthException","code":190,"error_subcode":460,"fbtrace_id":"AEE0so56q1OftcyAXZyXF89"}}
2026-06-02 20:33:32,803 - INFO - Starting publishing process...
2026-06-02 20:33:32,803 - INFO - Publishing page: 158
2026-06-02 20:33:32,803 - INFO - Caption snippet: ورد القرآن اليومي، صفحة 158

'اللهم اجعل القرآن ال...
2026-06-02 20:33:33,366 - ERROR - HTTP Error: 400 - {"error":{"message":"Error validating access token: The session has been invalidated because the user changed their password or Facebook has changed the session for security reasons.","type":"OAuthException","code":190,"error_subcode":460,"fbtrace_id":"Apk25D2Priw8ktPgSUpV12c"}}
2026-06-03 15:25:02,655 - INFO - Starting publishing process...
2026-06-03 15:25:02,655 - INFO - Publishing page: 158
2026-06-03 15:25:02,655 - INFO - Caption snippet: ورد القرآن اليومي، صفحة 158

'قال عبد الله بن مسعو...
2026-06-03 15:25:03,229 - ERROR - HTTP Error: 400 - {"error":{"message":"Error validating access token: The session has been invalidated because the user changed their password or Facebook has changed the session for security reasons.","type":"OAuthException","code":190,"error_subcode":460,"fbtrace_id":"ADSeABHRaAukzizm17bgDWq"}}
2026-06-03 20:45:51,574 - INFO - Starting publishing process...
2026-06-03 20:45:51,574 - INFO - Publishing page: 158
2026-06-03 20:45:51,574 - INFO - Caption snippet: ورد القرآن اليومي، صفحة 158

'اللهم ارزقنا فهم الق...
2026-06-03 20:45:52,102 - ERROR - HTTP Error: 400 - {"error":{"message":"Error validating access token: The session has been invalidated because the user changed their password or Facebook has changed the session for security reasons.","type":"OAuthException","code":190,"error_subcode":460,"fbtrace_id":"AYkjaRn7rpJvKmlLo9dfWt5"}}
2026-06-04 13:55:19,334 - INFO - Starting publishing process...
2026-06-04 13:55:19,335 - INFO - Publishing page: 158
2026-06-04 13:55:19,335 - INFO - Caption snippet: ورد القرآن اليومي، صفحة 158

'اللهم ألبسنا به الحل...
2026-06-04 13:55:20,230 - ERROR - HTTP Error: 400 - {"error":{"message":"Error validating access token: The session has been invalidated because the user changed their password or Facebook has changed the session for security reasons.","type":"OAuthException","code":190,"error_subcode":460,"fbtrace_id":"AsJnVxrrBrc9gi0RsfKij7y"}}
2026-06-04 19:53:13,371 - INFO - Starting publishing process...
2026-06-04 19:53:13,371 - INFO - Publishing page: 158
2026-06-04 19:53:13,372 - INFO - Caption snippet: ورد القرآن اليومي، صفحة 158

'قال ابن القيم رحمه ا...
2026-06-04 19:53:13,936 - ERROR - HTTP Error: 400 - {"error":{"message":"Error validating access token: The session has been invalidated because the user changed their password or Facebook has changed the session for security reasons.","type":"OAuthException","code":190,"error_subcode":460,"fbtrace_id":"AxuTd9zUo53_zwPMNWaa38g"}}
2026-06-05 13:50:12,934 - INFO - Starting publishing process...
2026-06-05 13:50:12,935 - INFO - Publishing page: 158
2026-06-05 13:50:12,935 - INFO - Caption snippet: ورد القرآن اليومي، صفحة 158

'قال خباب بن الأرت رض...
2026-06-05 13:50:13,341 - ERROR - HTTP Error: 400 - {"error":{"message":"Error validating access token: The session has been invalidated because the user changed their password or Facebook has changed the session for security reasons.","type":"OAuthException","code":190,"error_subcode":460,"fbtrace_id":"AptrIQcRxnIVKm74OkbWve0"}}
2026-06-05 19:30:03,322 - INFO - Starting publishing process...
2026-06-05 19:30:03,322 - INFO - Publishing page: 158
2026-06-05 19:30:03,322 - INFO - Caption snippet: ورد القرآن اليومي، صفحة 158

'قال ابن القيم رحمه ا...
2026-06-05 19:30:03,884 - ERROR - HTTP Error: 400 - {"error":{"message":"Error validating access token: The session has been invalidated because the user changed their password or Facebook has changed the session for security reasons.","type":"OAuthException","code":190,"error_subcode":460,"fbtrace_id":"AgujdHBToDn_Qs_juH11EuT"}}
2026-06-06 12:03:39,431 - INFO - Starting publishing process...
2026-06-06 12:03:39,431 - INFO - Publishing page: 158
2026-06-06 12:03:39,431 - INFO - Caption snippet: ورد القرآن اليومي، صفحة 158

'﴿كِتَابٌ أَنزَلْنَاه...
2026-06-06 12:03:39,701 - ERROR - HTTP Error: 400 - {"error":{"message":"Error validating access token: The session has been invalidated because the user changed their password or Facebook has changed the session for security reasons.","type":"OAuthException","code":190,"error_subcode":460,"fbtrace_id":"AK2yKsutDarad6spvpOQVoi"}}
2026-06-06 19:03:35,017 - INFO - Starting publishing process...
2026-06-06 19:03:35,018 - INFO - Publishing page: 158
2026-06-06 19:03:35,018 - INFO - Caption snippet: ورد القرآن اليومي، صفحة 158

'قال رسول الله ﷺ: «اق...
2026-06-06 19:03:35,675 - ERROR - HTTP Error: 400 - {"error":{"message":"Error validating access token: The session has been invalidated because the user changed their password or Facebook has changed the session for security reasons.","type":"OAuthException","code":190,"error_subcode":460,"fbtrace_id":"AIpJyv3rAbMhoPrKk-Rs6_r"}}
2026-06-07 12:17:37,910 - INFO - Starting publishing process...
2026-06-07 12:17:37,911 - INFO - Publishing page: 158
2026-06-07 12:17:37,911 - INFO - Caption snippet: ورد القرآن اليومي، صفحة 158

'﴿أَفَلَا يَتَدَبَّرُ...
2026-06-07 12:17:38,265 - ERROR - HTTP Error: 400 - {"error":{"message":"Error validating access token: The session has been invalidated because the user changed their password or Facebook has changed the session for security reasons.","type":"OAuthException","code":190,"error_subcode":460,"fbtrace_id":"AMrECwTutMgaRyFl3rceDja"}}
2026-06-07 19:04:48,515 - INFO - Starting publishing process...
2026-06-07 19:04:48,516 - INFO - Publishing page: 158
2026-06-07 19:04:48,516 - INFO - Caption snippet: ورد القرآن اليومي، صفحة 158

'اللهم اجعلنا من أهل ...
2026-06-07 19:04:49,202 - ERROR - HTTP Error: 400 - {"error":{"message":"Error validating access token: The session has been invalidated because the user changed their password or Facebook has changed the session for security reasons.","type":"OAuthException","code":190,"error_subcode":460,"fbtrace_id":"A0F0935mlBvs2QHUsh6JMHr"}}
2026-06-08 14:44:10,765 - INFO - Starting publishing process...
2026-06-08 14:44:10,765 - INFO - Publishing page: 158
2026-06-08 14:44:10,765 - INFO - Caption snippet: ورد القرآن اليومي، صفحة 158

'اللهم اجعلنا ممن يقي...
2026-06-08 14:44:11,079 - ERROR - HTTP Error: 400 - {"error":{"message":"Error validating access token: The session has been invalidated because the user changed their password or Facebook has changed the session for security reasons.","type":"OAuthException","code":190,"error_subcode":460,"fbtrace_id":"AtV85pYc15zVY7icXyQ4KLH"}}
2026-06-08 19:59:38,962 - INFO - Starting publishing process...
2026-06-08 19:59:38,962 - INFO - Publishing page: 158
2026-06-08 19:59:38,962 - INFO - Caption snippet: ورد القرآن اليومي، صفحة 158

'اللهم اجعل القرآن لن...
2026-06-08 19:59:39,182 - ERROR - HTTP Error: 400 - {"error":{"message":"Error validating access token: The session has been invalidated because the user changed their password or Facebook has changed the session for security reasons.","type":"OAuthException","code":190,"error_subcode":460,"fbtrace_id":"ABptFYzAlrxZRWsReYH1KLq"}}
2026-06-09 13:40:49,980 - INFO - Starting publishing process...
2026-06-09 13:40:49,980 - INFO - Publishing page: 158
2026-06-09 13:40:49,980 - INFO - Caption snippet: ورد القرآن اليومي، صفحة 158

'قال ابن القيم رحمه ا...
2026-06-09 13:40:50,547 - ERROR - HTTP Error: 400 - {"error":{"message":"Error validating access token: The session has been invalidated because the user changed their password or Facebook has changed the session for security reasons.","type":"OAuthException","code":190,"error_subcode":460,"fbtrace_id":"AgsyYZhhkpVFKTyAueB-96s"}}
2026-06-09 19:54:57,689 - INFO - Starting publishing process...
2026-06-09 19:54:57,689 - INFO - Publishing page: 158
2026-06-09 19:54:57,689 - INFO - Caption snippet: ورد القرآن اليومي، صفحة 158

'اللهم اجعل القرآن لن...
2026-06-09 19:54:58,206 - ERROR - HTTP Error: 400 - {"error":{"message":"Error validating access token: The session has been invalidated because the user changed their password or Facebook has changed the session for security reasons.","type":"OAuthException","code":190,"error_subcode":460,"fbtrace_id":"ARirYpCuSZJIaf4yi-ejiSS"}}
2026-06-10 14:19:21,984 - INFO - Starting publishing process...
2026-06-10 14:19:21,984 - INFO - Publishing page: 158
2026-06-10 14:19:21,984 - INFO - Caption snippet: ورد القرآن اليومي، صفحة 158

'﴿أَفَلَا يَتَدَبَّرُ...
2026-06-10 14:19:22,270 - ERROR - HTTP Error: 400 - {"error":{"message":"Error validating access token: The session has been invalidated because the user changed their password or Facebook has changed the session for security reasons.","type":"OAuthException","code":190,"error_subcode":460,"fbtrace_id":"A_jm5FYohiHpem7el9ewg4I"}}
2026-06-10 20:09:33,702 - INFO - Starting publishing process...
2026-06-10 20:09:33,702 - INFO - Publishing page: 158
2026-06-10 20:09:33,702 - INFO - Caption snippet: ورد القرآن اليومي، صفحة 158

'اللهم اجعلنا ممن يقي...
2026-06-10 20:09:34,359 - ERROR - HTTP Error: 400 - {"error":{"message":"Error validating access token: The session has been invalidated because the user changed their password or Facebook has changed the session for security reasons.","type":"OAuthException","code":190,"error_subcode":460,"fbtrace_id":"Apuaxb2j8zO-PzQRxkaA2o4"}}
2026-06-11 14:32:52,275 - INFO - Starting publishing process...
2026-06-11 14:32:52,275 - INFO - Publishing page: 158
2026-06-11 14:32:52,275 - INFO - Caption snippet: ورد القرآن اليومي، صفحة 158

'اللهم اجعلنا ممن يحل...
2026-06-11 14:32:52,605 - ERROR - HTTP Error: 400 - {"error":{"message":"Error validating access token: The session has been invalidated because the user changed their password or Facebook has changed the session for security reasons.","type":"OAuthException","code":190,"error_subcode":460,"fbtrace_id":"A3sAh9eXsr7IMxMyAkp2Bu5"}}
2026-06-11 20:08:28,797 - INFO - Starting publishing process...
2026-06-11 20:08:28,798 - INFO - Publishing page: 158
2026-06-11 20:08:28,798 - INFO - Caption snippet: ورد القرآن اليومي، صفحة 158

'اللهم اجعل القرآن ال...
2026-06-11 20:08:29,190 - ERROR - HTTP Error: 400 - {"error":{"message":"Error validating access token: The session has been invalidated because the user changed their password or Facebook has changed the session for security reasons.","type":"OAuthException","code":190,"error_subcode":460,"fbtrace_id":"AlztBYGn0__02rRIoJ6yC3A"}}
2026-06-12 14:01:32,188 - INFO - Starting publishing process...
2026-06-12 14:01:32,189 - INFO - Publishing page: 158
2026-06-12 14:01:32,189 - INFO - Caption snippet: ورد القرآن اليومي، صفحة 158

'قال عبد الله بن مسعو...
2026-06-12 14:01:32,295 - ERROR - HTTP Error: 500 - {"error":{"message":"An unknown error has occurred.","type":"OAuthException","code":1,"fbtrace_id":"AzfE-WyoT-5zoDZbFhbZxar"}}
2026-06-12 19:51:15,742 - INFO - Starting publishing process...
2026-06-12 19:51:15,742 - INFO - Publishing page: 158
2026-06-12 19:51:15,742 - INFO - Caption snippet: ورد القرآن اليومي، صفحة 158

'اللهم اجعلنا ممن يحل...
2026-06-12 19:51:15,969 - ERROR - HTTP Error: 400 - {"error":{"message":"Error validating access token: The session has been invalidated because the user changed their password or Facebook has changed the session for security reasons.","type":"OAuthException","code":190,"error_subcode":460,"fbtrace_id":"ADIBrnBmrn2gE5dYEb_D_0j"}}
2026-06-13 12:21:25,576 - INFO - Starting publishing process...
2026-06-13 12:21:25,576 - INFO - Publishing page: 158
2026-06-13 12:21:25,577 - INFO - Caption snippet: ورد القرآن اليومي، صفحة 158

'اللهم ارزقنا فهم الق...
2026-06-13 12:21:25,846 - ERROR - HTTP Error: 400 - {"error":{"message":"Error validating access token: The session has been invalidated because the user changed their password or Facebook has changed the session for security reasons.","type":"OAuthException","code":190,"error_subcode":460,"fbtrace_id":"AY2GCLvkAQi4lZLdO-ogLBN"}}
2026-06-13 19:06:15,790 - INFO - Starting publishing process...
2026-06-13 19:06:15,790 - INFO - Publishing page: 158
2026-06-13 19:06:15,791 - INFO - Caption snippet: ورد القرآن اليومي، صفحة 158

'قال عثمان بن عفان رض...
2026-06-13 19:06:16,543 - ERROR - HTTP Error: 400 - {"error":{"message":"Error validating access token: The session has been invalidated because the user changed their password or Facebook has changed the session for security reasons.","type":"OAuthException","code":190,"error_subcode":460,"fbtrace_id":"AXkN1BtbB6mEKVKVmW3N0eG"}}
2026-06-14 12:58:01,876 - INFO - Starting publishing process...
2026-06-14 12:58:01,876 - INFO - Publishing page: 158
2026-06-14 12:58:01,876 - INFO - Caption snippet: ورد القرآن اليومي، صفحة 158

'قال عثمان بن عفان رض...
2026-06-14 12:58:02,754 - ERROR - HTTP Error: 400 - {"error":{"message":"Error validating access token: The session has been invalidated because the user changed their password or Facebook has changed the session for security reasons.","type":"OAuthException","code":190,"error_subcode":460,"fbtrace_id":"AFKWAw5HCf4z9li276Jz7Pu"}}
2026-06-14 19:07:22,053 - INFO - Starting publishing process...
2026-06-14 19:07:22,053 - INFO - Publishing page: 158
2026-06-14 19:07:22,053 - INFO - Caption snippet: ورد القرآن اليومي، صفحة 158

'اللهم ألبسنا به الحل...
2026-06-14 19:07:22,592 - ERROR - HTTP Error: 400 - {"error":{"message":"Error validating access token: The session has been invalidated because the user changed their password or Facebook has changed the session for security reasons.","type":"OAuthException","code":190,"error_subcode":460,"fbtrace_id":"AE6akuf1YZ_SVsdt1WDMBQa"}}
2026-06-15 16:13:14,039 - INFO - Starting publishing process...
2026-06-15 16:13:14,040 - INFO - Publishing page: 158
2026-06-15 16:13:14,040 - INFO - Caption snippet: ورد القرآن اليومي، صفحة 158

'﴿كِتَابٌ أَنزَلْنَاه...
2026-06-15 16:13:14,448 - ERROR - HTTP Error: 400 - {"error":{"message":"Error validating access token: The session has been invalidated because the user changed their password or Facebook has changed the session for security reasons.","type":"OAuthException","code":190,"error_subcode":460,"fbtrace_id":"Af9Jqh3p38OFTpYWfkeV1pn"}}
2026-06-15 20:46:15,965 - INFO - Starting publishing process...
2026-06-15 20:46:15,965 - INFO - Publishing page: 158
2026-06-15 20:46:15,965 - INFO - Caption snippet: ورد القرآن اليومي، صفحة 158

'قال عمر بن الخطاب رض...
2026-06-15 20:46:16,285 - ERROR - HTTP Error: 400 - {"error":{"message":"Error validating access token: The session has been invalidated because the user changed their password or Facebook has changed the session for security reasons.","type":"OAuthException","code":190,"error_subcode":460,"fbtrace_id":"A_cZD7TvANRAFaW0gzyVHLn"}}
2026-06-16 15:49:33,379 - INFO - Starting publishing process...
2026-06-16 15:49:33,379 - INFO - Publishing page: 158
2026-06-16 15:49:33,379 - INFO - Caption snippet: ورد القرآن اليومي، صفحة 158

'قال رسول الله ﷺ: «يق...
2026-06-16 15:49:33,901 - ERROR - HTTP Error: 400 - {"error":{"message":"Error validating access token: The session has been invalidated because the user changed their password or Facebook has changed the session for security reasons.","type":"OAuthException","code":190,"error_subcode":460,"fbtrace_id":"AU_Vj27CrSIj1EpZKSkXoS4"}}
2026-06-16 20:35:54,473 - INFO - Starting publishing process...
2026-06-16 20:35:54,473 - INFO - Publishing page: 158
2026-06-16 20:35:54,473 - INFO - Caption snippet: ورد القرآن اليومي، صفحة 158

'اللهم نور بالقرآن أب...
2026-06-16 20:35:56,429 - ERROR - HTTP Error: 400 - {"error":{"message":"Error validating access token: The session has been invalidated because the user changed their password or Facebook has changed the session for security reasons.","type":"OAuthException","code":190,"error_subcode":460,"fbtrace_id":"ANzavWHLxmdala6D_WPRDNz"}}
2026-06-17 14:24:02,324 - INFO - Starting publishing process...
2026-06-17 14:24:02,325 - INFO - Publishing page: 158
2026-06-17 14:24:02,325 - INFO - Caption snippet: ورد القرآن اليومي، صفحة 158

'اللهم اجعل القرآن لن...
2026-06-17 14:24:02,573 - ERROR - HTTP Error: 400 - {"error":{"message":"Error validating access token: The session has been invalidated because the user changed their password or Facebook has changed the session for security reasons.","type":"OAuthException","code":190,"error_subcode":460,"fbtrace_id":"Aofu1unJZe-7jhbSup2WsXO"}}
2026-06-17 19:57:22,091 - INFO - Starting publishing process...
2026-06-17 19:57:22,092 - INFO - Publishing page: 158
2026-06-17 19:57:22,092 - INFO - Caption snippet: ورد القرآن اليومي، صفحة 158

'اللهم اجعل القرآن لن...
2026-06-17 19:57:22,498 - ERROR - HTTP Error: 400 - {"error":{"message":"Error validating access token: The session has been invalidated because the user changed their password or Facebook has changed the session for security reasons.","type":"OAuthException","code":190,"error_subcode":460,"fbtrace_id":"APh96xECcwRBi0d77BNX_kV"}}
2026-06-18 13:59:50,890 - INFO - Starting publishing process...
2026-06-18 13:59:50,891 - INFO - Publishing page: 158
2026-06-18 13:59:50,891 - INFO - Caption snippet: ورد القرآن اليومي، صفحة 158

'قال عبد الله بن مسعو...
2026-06-18 13:59:51,201 - ERROR - HTTP Error: 400 - {"error":{"message":"Error validating access token: The session has been invalidated because the user changed their password or Facebook has changed the session for security reasons.","type":"OAuthException","code":190,"error_subcode":460,"fbtrace_id":"ALLFtVA5hgSQknw1MTegu7o"}}
2026-06-18 20:08:57,228 - INFO - Starting publishing process...
2026-06-18 20:08:57,228 - INFO - Publishing page: 158
2026-06-18 20:08:57,228 - INFO - Caption snippet: ورد القرآن اليومي، صفحة 158

'اللهم اجعلنا من أهل ...
2026-06-18 20:08:57,759 - ERROR - HTTP Error: 400 - {"error":{"message":"Error validating access token: The session has been invalidated because the user changed their password or Facebook has changed the session for security reasons.","type":"OAuthException","code":190,"error_subcode":460,"fbtrace_id":"AaYF3sb4TDTRW1kdo84xMzj"}}
2026-06-19 13:58:37,229 - INFO - Starting publishing process...
2026-06-19 13:58:37,230 - INFO - Publishing page: 158
2026-06-19 13:58:37,230 - INFO - Caption snippet: ورد القرآن اليومي، صفحة 158

'اللهم ارزقنا فهم الق...
2026-06-19 13:58:37,599 - ERROR - HTTP Error: 400 - {"error":{"message":"Error validating access token: The session has been invalidated because the user changed their password or Facebook has changed the session for security reasons.","type":"OAuthException","code":190,"error_subcode":460,"fbtrace_id":"AK6NOrlJNm8w7AT69IIgzrY"}}
2026-06-19 19:24:03,950 - INFO - Starting publishing process...
2026-06-19 19:24:03,951 - INFO - Publishing page: 158
2026-06-19 19:24:03,951 - INFO - Caption snippet: ورد القرآن اليومي، صفحة 158

'قال رسول الله ﷺ: «من...
2026-06-19 19:24:04,289 - ERROR - HTTP Error: 400 - {"error":{"message":"Error validating access token: The session has been invalidated because the user changed their password or Facebook has changed the session for security reasons.","type":"OAuthException","code":190,"error_subcode":460,"fbtrace_id":"AKwMIq1FwuVgJ9wl7ZpqbVD"}}
2026-06-20 12:24:18,849 - INFO - Starting publishing process...
2026-06-20 12:24:18,849 - INFO - Publishing page: 158
2026-06-20 12:24:18,849 - INFO - Caption snippet: ورد القرآن اليومي، صفحة 158

'اللهم اجعلنا ممن يحل...
2026-06-20 12:24:19,323 - ERROR - HTTP Error: 400 - {"error":{"message":"Error validating access token: The session has been invalidated because the user changed their password or Facebook has changed the session for security reasons.","type":"OAuthException","code":190,"error_subcode":460,"fbtrace_id":"AwKIJgXOI1gdvZgNwMc2oO9"}}
2026-06-20 19:07:41,532 - INFO - Starting publishing process...
2026-06-20 19:07:41,533 - INFO - Publishing page: 158
2026-06-20 19:07:41,533 - INFO - Caption snippet: ورد القرآن اليومي، صفحة 158

'اللهم نور بالقرآن أب...
2026-06-20 19:07:42,103 - ERROR - HTTP Error: 400 - {"error":{"message":"Error validating access token: The session has been invalidated because the user changed their password or Facebook has changed the session for security reasons.","type":"OAuthException","code":190,"error_subcode":460,"fbtrace_id":"Az51xI16XHKRPf7bi3SgAFC"}}
2026-06-21 13:02:33,827 - INFO - Starting publishing process...
2026-06-21 13:02:33,828 - INFO - Publishing page: 158
2026-06-21 13:02:33,828 - INFO - Caption snippet: ورد القرآن اليومي، صفحة 158

'قال رسول الله ﷺ: «من...
2026-06-21 13:02:34,531 - ERROR - HTTP Error: 400 - {"error":{"message":"Error validating access token: The session has been invalidated because the user changed their password or Facebook has changed the session for security reasons.","type":"OAuthException","code":190,"error_subcode":460,"fbtrace_id":"Am8VNy7cwnaLsMuHkDVQQBb"}}
2026-06-21 19:13:11,971 - INFO - Starting publishing process...
2026-06-21 19:13:11,972 - INFO - Publishing page: 158
2026-06-21 19:13:11,972 - INFO - Caption snippet: ورد القرآن اليومي، صفحة 158

'قال رسول الله ﷺ: «ال...
2026-06-21 19:13:12,303 - ERROR - HTTP Error: 400 - {"error":{"message":"Error validating access token: The session has been invalidated because the user changed their password or Facebook has changed the session for security reasons.","type":"OAuthException","code":190,"error_subcode":460,"fbtrace_id":"AXJp7l45UEu2MeQ94oRpM59"}}
2026-06-22 15:48:13,560 - INFO - Starting publishing process...
2026-06-22 15:48:13,560 - INFO - Publishing page: 158
2026-06-22 15:48:13,560 - INFO - Caption snippet: ورد القرآن اليومي، صفحة 158

'قال رسول الله ﷺ: «من...
2026-06-22 15:48:13,898 - ERROR - HTTP Error: 400 - {"error":{"message":"Error validating access token: The session has been invalidated because the user changed their password or Facebook has changed the session for security reasons.","type":"OAuthException","code":190,"error_subcode":460,"fbtrace_id":"AIoTD3fL1wb-F2xJfTqxfh9"}}
2026-06-22 20:32:05,040 - INFO - Starting publishing process...
2026-06-22 20:32:05,040 - INFO - Publishing page: 158
2026-06-22 20:32:05,040 - INFO - Caption snippet: ورد القرآن اليومي، صفحة 158

'اللهم ارزقنا فهم الق...
2026-06-22 20:32:05,326 - ERROR - HTTP Error: 400 - {"error":{"message":"Error validating access token: The session has been invalidated because the user changed their password or Facebook has changed the session for security reasons.","type":"OAuthException","code":190,"error_subcode":460,"fbtrace_id":"AJyKX7Avi7FAiKjmgD1BvKv"}}
2026-06-23 13:40:22,500 - INFO - Starting publishing process...
2026-06-23 13:40:22,501 - INFO - Publishing page: 158
2026-06-23 13:40:22,501 - INFO - Caption snippet: ورد القرآن اليومي، صفحة 158

'اللهم نور بالقرآن أب...
2026-06-23 13:40:23,194 - ERROR - HTTP Error: 400 - {"error":{"message":"Error validating access token: The session has been invalidated because the user changed their password or Facebook has changed the session for security reasons.","type":"OAuthException","code":190,"error_subcode":460,"fbtrace_id":"A1RKJ2HYeKAfS-ee78_mTrB"}}
2026-06-23 19:48:21,456 - INFO - Starting publishing process...
2026-06-23 19:48:21,456 - INFO - Publishing page: 158
2026-06-23 19:48:21,456 - INFO - Caption snippet: ورد القرآن اليومي، صفحة 158

'قال رسول الله ﷺ: «من...
2026-06-23 19:48:22,299 - ERROR - HTTP Error: 400 - {"error":{"message":"Error validating access token: The session has been invalidated because the user changed their password or Facebook has changed the session for security reasons.","type":"OAuthException","code":190,"error_subcode":460,"fbtrace_id":"AVxbpQuG8IAgSi2NNcttnsx"}}
2026-06-24 13:14:30,069 - INFO - Starting publishing process...
2026-06-24 13:14:30,069 - INFO - Publishing page: 158
2026-06-24 13:14:30,069 - INFO - Caption snippet: ورد القرآن اليومي، صفحة 158

'قال رسول الله ﷺ: «يق...
2026-06-24 13:14:30,358 - ERROR - HTTP Error: 400 - {"error":{"message":"Error validating access token: The session has been invalidated because the user changed their password or Facebook has changed the session for security reasons.","type":"OAuthException","code":190,"error_subcode":460,"fbtrace_id":"Ao7xWZjtEJc_bcCC9MD6wPx"}}
2026-06-24 19:25:13,070 - INFO - Starting publishing process...
2026-06-24 19:25:13,070 - INFO - Publishing page: 158
2026-06-24 19:25:13,070 - INFO - Caption snippet: ورد القرآن اليومي، صفحة 158

'﴿أَفَلَا يَتَدَبَّرُ...
2026-06-24 19:25:13,760 - ERROR - HTTP Error: 400 - {"error":{"message":"Error validating access token: The session has been invalidated because the user changed their password or Facebook has changed the session for security reasons.","type":"OAuthException","code":190,"error_subcode":460,"fbtrace_id":"AYe9jAWhMUA_YNuiR4R06dI"}}
2026-06-25 13:12:47,883 - INFO - Starting publishing process...
2026-06-25 13:12:47,884 - INFO - Publishing page: 158
2026-06-25 13:12:47,884 - INFO - Caption snippet: ورد القرآن اليومي، صفحة 158

'اللهم اجعلنا ممن يحل...
2026-06-25 13:12:48,619 - ERROR - HTTP Error: 400 - {"error":{"message":"Error validating access token: The session has been invalidated because the user changed their password or Facebook has changed the session for security reasons.","type":"OAuthException","code":190,"error_subcode":460,"fbtrace_id":"A5Mxl_zwH-hC75ZtUz4tU4s"}}
2026-06-25 19:44:04,509 - INFO - Starting publishing process...
2026-06-25 19:44:04,510 - INFO - Publishing page: 158
2026-06-25 19:44:04,510 - INFO - Caption snippet: ورد القرآن اليومي، صفحة 158

'قال خباب بن الأرت رض...
2026-06-25 19:44:05,217 - ERROR - HTTP Error: 400 - {"error":{"message":"Error validating access token: The session has been invalidated because the user changed their password or Facebook has changed the session for security reasons.","type":"OAuthException","code":190,"error_subcode":460,"fbtrace_id":"A0uD-Y1HhoDSJPsxWEt3YyZ"}}
2026-06-26 13:06:18,850 - INFO - Starting publishing process...
2026-06-26 13:06:18,850 - INFO - Publishing page: 158
2026-06-26 13:06:18,850 - INFO - Caption snippet: ورد القرآن اليومي، صفحة 158

'اللهم اجعلنا من أهل ...
2026-06-26 13:06:19,487 - ERROR - HTTP Error: 400 - {"error":{"message":"Error validating access token: The session has been invalidated because the user changed their password or Facebook has changed the session for security reasons.","type":"OAuthException","code":190,"error_subcode":460,"fbtrace_id":"ApYB7_UWTtV_yt56-lN-4KE"}}
2026-06-26 19:26:51,627 - INFO - Starting publishing process...
2026-06-26 19:26:51,627 - INFO - Publishing page: 158
2026-06-26 19:26:51,627 - INFO - Caption snippet: ورد القرآن اليومي، صفحة 158

'قال عبد الله بن مسعو...
2026-06-26 19:26:52,130 - ERROR - HTTP Error: 400 - {"error":{"message":"Error validating access token: The session has been invalidated because the user changed their password or Facebook has changed the session for security reasons.","type":"OAuthException","code":190,"error_subcode":460,"fbtrace_id":"AdWNd8lQZXHo-HdANTqTQE3"}}
2026-06-27 12:05:28,641 - INFO - Starting publishing process...
2026-06-27 12:05:28,642 - INFO - Publishing page: 158
2026-06-27 12:05:28,642 - INFO - Caption snippet: ورد القرآن اليومي، صفحة 158

'اللهم نور بالقرآن أب...
2026-06-27 12:05:28,975 - ERROR - HTTP Error: 400 - {"error":{"message":"Error validating access token: The session has been invalidated because the user changed their password or Facebook has changed the session for security reasons.","type":"OAuthException","code":190,"error_subcode":460,"fbtrace_id":"AV77u02fs2gjZPGZdPDVRo3"}}
2026-06-27 19:02:46,654 - INFO - Starting publishing process...
2026-06-27 19:02:46,654 - INFO - Publishing page: 158
2026-06-27 19:02:46,654 - INFO - Caption snippet: ورد القرآن اليومي، صفحة 158

'قال رسول الله ﷺ: «من...
2026-06-27 19:02:47,205 - ERROR - HTTP Error: 400 - {"error":{"message":"Error validating access token: The session has been invalidated because the user changed their password or Facebook has changed the session for security reasons.","type":"OAuthException","code":190,"error_subcode":460,"fbtrace_id":"AA8rXeo8avH1jPXUygs979C"}}
2026-06-28 12:13:31,742 - INFO - Starting publishing process...
2026-06-28 12:13:31,742 - INFO - Publishing page: 158
2026-06-28 12:13:31,742 - INFO - Caption snippet: ورد القرآن اليومي، صفحة 158

'قال رسول الله ﷺ: «ال...
2026-06-28 12:13:32,334 - ERROR - HTTP Error: 400 - {"error":{"message":"Error validating access token: The session has been invalidated because the user changed their password or Facebook has changed the session for security reasons.","type":"OAuthException","code":190,"error_subcode":460,"fbtrace_id":"AjCGAE3FdY_zcHIS4KudyzZ"}}
2026-06-28 19:01:01,382 - INFO - Starting publishing process...
2026-06-28 19:01:01,382 - INFO - Publishing page: 158
2026-06-28 19:01:01,382 - INFO - Caption snippet: ورد القرآن اليومي، صفحة 158

'قال عبد الله بن مسعو...
2026-06-28 19:01:01,945 - ERROR - HTTP Error: 400 - {"error":{"message":"Error validating access token: The session has been invalidated because the user changed their password or Facebook has changed the session for security reasons.","type":"OAuthException","code":190,"error_subcode":460,"fbtrace_id":"Awuofa_BMwYuC50BQHRRe8w"}}
2026-06-29 14:43:50,334 - INFO - Starting publishing process...
2026-06-29 14:43:50,334 - INFO - Publishing page: 158
2026-06-29 14:43:50,335 - INFO - Caption snippet: ورد القرآن اليومي، صفحة 158

'اللهم ذكرنا من القرآ...
2026-06-29 14:43:50,986 - ERROR - HTTP Error: 400 - {"error":{"message":"Error validating access token: The session has been invalidated because the user changed their password or Facebook has changed the session for security reasons.","type":"OAuthException","code":190,"error_subcode":460,"fbtrace_id":"AAIR5AUFgWlLEVx1bbopih4"}}
2026-06-29 19:41:07,301 - INFO - Starting publishing process...
2026-06-29 19:41:07,301 - INFO - Publishing page: 158
2026-06-29 19:41:07,301 - INFO - Caption snippet: ورد القرآن اليومي، صفحة 158

'اللهم اجعل القرآن لن...
2026-06-29 19:41:07,600 - ERROR - HTTP Error: 400 - {"error":{"message":"Error validating access token: The session has been invalidated because the user changed their password or Facebook has changed the session for security reasons.","type":"OAuthException","code":190,"error_subcode":460,"fbtrace_id":"AYQvyu7cR4btQDCNeeQT1CC"}}
2026-06-30 13:06:55,682 - INFO - Starting publishing process...
2026-06-30 13:06:55,682 - INFO - Publishing page: 158
2026-06-30 13:06:55,682 - INFO - Caption snippet: ورد القرآن اليومي، صفحة 158

'قال خباب بن الأرت رض...
2026-06-30 13:06:56,147 - ERROR - HTTP Error: 400 - {"error":{"message":"Error validating access token: The session has been invalidated because the user changed their password or Facebook has changed the session for security reasons.","type":"OAuthException","code":190,"error_subcode":460,"fbtrace_id":"AImw1L8I5IBgJSMsxl1AQ3i"}}
2026-06-30 19:29:53,398 - INFO - Starting publishing process...
2026-06-30 19:29:53,399 - INFO - Publishing page: 158
2026-06-30 19:29:53,399 - INFO - Caption snippet: ورد القرآن اليومي، صفحة 158

'قال رسول الله ﷺ: «من...
2026-06-30 19:29:53,810 - ERROR - HTTP Error: 400 - {"error":{"message":"Error validating access token: The session has been invalidated because the user changed their password or Facebook has changed the session for security reasons.","type":"OAuthException","code":190,"error_subcode":460,"fbtrace_id":"Adoaly7r-_kq68PgoP4DhwT"}}
2026-07-01 13:31:39,725 - INFO - Starting publishing process...
2026-07-01 13:31:39,725 - INFO - Publishing page: 158
2026-07-01 13:31:39,725 - INFO - Caption snippet: ورد القرآن اليومي، صفحة 158

'اللهم اجعلنا ممن يقي...
2026-07-01 13:31:40,006 - ERROR - HTTP Error: 400 - {"error":{"message":"Error validating access token: The session has been invalidated because the user changed their password or Facebook has changed the session for security reasons.","type":"OAuthException","code":190,"error_subcode":460,"fbtrace_id":"AEwRdMB_SPc89d37ew5TMsN"}}
2026-07-01 19:28:31,609 - INFO - Starting publishing process...
2026-07-01 19:28:31,609 - INFO - Publishing page: 158
2026-07-01 19:28:31,609 - INFO - Caption snippet: ورد القرآن اليومي، صفحة 158

'قال عثمان بن عفان رض...
2026-07-01 19:28:32,065 - ERROR - HTTP Error: 400 - {"error":{"message":"Error validating access token: The session has been invalidated because the user changed their password or Facebook has changed the session for security reasons.","type":"OAuthException","code":190,"error_subcode":460,"fbtrace_id":"An9qNBqjcDS0ofpARQ7HcXG"}}
2026-07-02 12:53:59,540 - INFO - Starting publishing process...
2026-07-02 12:53:59,540 - INFO - Publishing page: 158
2026-07-02 12:53:59,540 - INFO - Caption snippet: ورد القرآن اليومي، صفحة 158

'﴿أَفَلَا يَتَدَبَّرُ...
2026-07-02 12:54:00,017 - ERROR - HTTP Error: 400 - {"error":{"message":"Error validating access token: The session has been invalidated because the user changed their password or Facebook has changed the session for security reasons.","type":"OAuthException","code":190,"error_subcode":460,"fbtrace_id":"ATXtNiGN7TkBOJX9JdaBcqP"}}
2026-07-02 19:07:31,176 - INFO - Starting publishing process...
2026-07-02 19:07:31,177 - INFO - Publishing page: 158
2026-07-02 19:07:31,177 - INFO - Caption snippet: ورد القرآن اليومي، صفحة 158

'قال عثمان بن عفان رض...
2026-07-02 19:07:31,885 - ERROR - HTTP Error: 400 - {"error":{"message":"Error validating access token: The session has been invalidated because the user changed their password or Facebook has changed the session for security reasons.","type":"OAuthException","code":190,"error_subcode":460,"fbtrace_id":"AIJ7eTXBEx5TnK5GiXdzsUw"}}
2026-07-03 12:52:21,478 - INFO - Starting publishing process...
2026-07-03 12:52:21,478 - INFO - Publishing page: 158
2026-07-03 12:52:21,478 - INFO - Caption snippet: ورد القرآن اليومي، صفحة 158

'قال رسول الله ﷺ: «اق...
2026-07-03 12:52:22,280 - ERROR - HTTP Error: 400 - {"error":{"message":"Error validating access token: The session has been invalidated because the user changed their password or Facebook has changed the session for security reasons.","type":"OAuthException","code":190,"error_subcode":460,"fbtrace_id":"AWqA2G-f6TfUIa0Zb0atwLP"}}
2026-07-03 18:59:52,018 - INFO - Starting publishing process...
2026-07-03 18:59:52,018 - INFO - Publishing page: 158
2026-07-03 18:59:52,019 - INFO - Caption snippet: ورد القرآن اليومي، صفحة 158

'اللهم اجعلنا من أهل ...
2026-07-03 18:59:52,735 - ERROR - HTTP Error: 400 - {"error":{"message":"Error validating access token: The session has been invalidated because the user changed their password or Facebook has changed the session for security reasons.","type":"OAuthException","code":190,"error_subcode":460,"fbtrace_id":"Alc5CfSfoybcQtrP659i-fh"}}
2026-07-04 12:02:40,175 - INFO - Starting publishing process...
2026-07-04 12:02:40,175 - INFO - Publishing page: 158
2026-07-04 12:02:40,175 - INFO - Caption snippet: ورد القرآن اليومي، صفحة 158

'قال رسول الله ﷺ: «يق...
2026-07-04 12:02:41,019 - ERROR - HTTP Error: 400 - {"error":{"message":"Error validating access token: The session has been invalidated because the user changed their password or Facebook has changed the session for security reasons.","type":"OAuthException","code":190,"error_subcode":460,"fbtrace_id":"A45xvtfmCpHcTZryRDfSWjV"}}
2026-07-04 18:54:43,939 - INFO - Starting publishing process...
2026-07-04 18:54:43,939 - INFO - Publishing page: 158
2026-07-04 18:54:43,939 - INFO - Caption snippet: ورد القرآن اليومي، صفحة 158

'اللهم اجعل القرآن لن...
2026-07-04 18:54:44,701 - ERROR - HTTP Error: 400 - {"error":{"message":"Error validating access token: The session has been invalidated because the user changed their password or Facebook has changed the session for security reasons.","type":"OAuthException","code":190,"error_subcode":460,"fbtrace_id":"AtgUx9RBAqaF19c0hbnHqyD"}}
2026-07-05 12:10:44,731 - INFO - Starting publishing process...
2026-07-05 12:10:44,732 - INFO - Publishing page: 158
2026-07-05 12:10:44,732 - INFO - Caption snippet: ورد القرآن اليومي، صفحة 158

'اللهم اجعلنا ممن يقي...
2026-07-05 12:10:45,704 - ERROR - HTTP Error: 400 - {"error":{"message":"Error validating access token: The session has been invalidated because the user changed their password or Facebook has changed the session for security reasons.","type":"OAuthException","code":190,"error_subcode":460,"fbtrace_id":"AQqAbfggz2S16WArz2TKq-c"}}
2026-07-05 19:00:08,319 - INFO - Starting publishing process...
2026-07-05 19:00:08,320 - INFO - Publishing page: 158
2026-07-05 19:00:08,320 - INFO - Caption snippet: ورد القرآن اليومي، صفحة 158

'اللهم ارزقنا فهم الق...
2026-07-05 19:00:09,016 - ERROR - HTTP Error: 400 - {"error":{"message":"Error validating access token: The session has been invalidated because the user changed their password or Facebook has changed the session for security reasons.","type":"OAuthException","code":190,"error_subcode":460,"fbtrace_id":"AkSFdFCJWDjzMdKhVvmeSk5"}}
2026-07-06 14:21:54,126 - INFO - Starting publishing process...
2026-07-06 14:21:54,126 - INFO - Publishing page: 158
2026-07-06 14:21:54,127 - INFO - Caption snippet: ورد القرآن اليومي، صفحة 158

'اللهم اجعلنا من أهل ...
2026-07-06 14:21:54,498 - ERROR - HTTP Error: 400 - {"error":{"message":"Error validating access token: The session has been invalidated because the user changed their password or Facebook has changed the session for security reasons.","type":"OAuthException","code":190,"error_subcode":460,"fbtrace_id":"A9SpIcnRSDrjc9OGC64rIDN"}}
2026-07-06 19:39:20,901 - INFO - Starting publishing process...
2026-07-06 19:39:20,901 - INFO - Publishing page: 158
2026-07-06 19:39:20,901 - INFO - Caption snippet: ورد القرآن اليومي، صفحة 158

'اللهم اجعلنا ممن يقي...
2026-07-06 19:39:21,466 - ERROR - HTTP Error: 400 - {"error":{"message":"Error validating access token: The session has been invalidated because the user changed their password or Facebook has changed the session for security reasons.","type":"OAuthException","code":190,"error_subcode":460,"fbtrace_id":"AIom_aM7nplLezmKH0t-_pR"}}
2026-07-07 13:13:53,986 - INFO - Starting publishing process...
2026-07-07 13:13:53,986 - INFO - Publishing page: 158
2026-07-07 13:13:53,986 - INFO - Caption snippet: ورد القرآن اليومي، صفحة 158

'اللهم اجعل القرآن لن...
2026-07-07 13:13:54,487 - ERROR - HTTP Error: 400 - {"error":{"message":"Error validating access token: The session has been invalidated because the user changed their password or Facebook has changed the session for security reasons.","type":"OAuthException","code":190,"error_subcode":460,"fbtrace_id":"ALZJZ9ztv69mrDGxrTSvwfA"}}
2026-07-07 19:38:58,073 - INFO - Starting publishing process...
2026-07-07 19:38:58,073 - INFO - Publishing page: 158
2026-07-07 19:38:58,073 - INFO - Caption snippet: ورد القرآن اليومي، صفحة 158

'﴿اللَّهُ نَزَّلَ أَح...
2026-07-07 19:38:58,610 - ERROR - HTTP Error: 400 - {"error":{"message":"Error validating access token: The session has been invalidated because the user changed their password or Facebook has changed the session for security reasons.","type":"OAuthException","code":190,"error_subcode":460,"fbtrace_id":"AOdIQBEIOqst7EsTueIFuTl"}}
2026-07-08 12:15:45,797 - INFO - Starting publishing process...
2026-07-08 12:15:45,798 - INFO - Publishing page: 158
2026-07-08 12:15:45,798 - INFO - Caption snippet: ورد القرآن اليومي، صفحة 158

'قال عبد الله بن مسعو...
2026-07-08 12:15:46,611 - ERROR - HTTP Error: 400 - {"error":{"message":"Error validating access token: The session has been invalidated because the user changed their password or Facebook has changed the session for security reasons.","type":"OAuthException","code":190,"error_subcode":460,"fbtrace_id":"ApO2mqaWlGF4-KptACpeOEe"}}
2026-07-08 19:04:51,949 - INFO - Starting publishing process...
2026-07-08 19:04:51,950 - INFO - Publishing page: 158
2026-07-08 19:04:51,950 - INFO - Caption snippet: ورد القرآن اليومي، صفحة 158

'قال عمر بن الخطاب رض...
2026-07-08 19:04:52,733 - ERROR - HTTP Error: 400 - {"error":{"message":"Error validating access token: The session has been invalidated because the user changed their password or Facebook has changed the session for security reasons.","type":"OAuthException","code":190,"error_subcode":460,"fbtrace_id":"AcNzJNKYU7f8V1_8jCR7mdf"}}
2026-07-09 13:44:18,713 - INFO - Starting publishing process...
2026-07-09 13:44:18,713 - INFO - Publishing page: 158
2026-07-09 13:44:18,714 - INFO - Caption snippet: ورد القرآن اليومي، صفحة 158

'قال خباب بن الأرت رض...
2026-07-09 13:44:19,110 - ERROR - HTTP Error: 400 - {"error":{"message":"Error validating access token: The session has been invalidated because the user changed their password or Facebook has changed the session for security reasons.","type":"OAuthException","code":190,"error_subcode":460,"fbtrace_id":"AB2HxdkTgYTVaLiLZmtuOEw"}}
2026-07-09 19:20:12,084 - INFO - Starting publishing process...
2026-07-09 19:20:12,085 - INFO - Publishing page: 158
2026-07-09 19:20:12,085 - INFO - Caption snippet: ورد القرآن اليومي، صفحة 158

'اللهم نور بالقرآن أب...
2026-07-09 19:20:12,732 - ERROR - HTTP Error: 400 - {"error":{"message":"Error validating access token: The session has been invalidated because the user changed their password or Facebook has changed the session for security reasons.","type":"OAuthException","code":190,"error_subcode":460,"fbtrace_id":"AzTwU91YlR6Lo4PWTQeebCY"}}
2026-07-10 13:07:39,049 - INFO - Starting publishing process...
2026-07-10 13:07:39,049 - INFO - Publishing page: 158
2026-07-10 13:07:39,049 - INFO - Caption snippet: ورد القرآن اليومي، صفحة 158

'قال عمر بن الخطاب رض...
2026-07-10 13:07:39,485 - ERROR - HTTP Error: 400 - {"error":{"message":"Error validating access token: The session has been invalidated because the user changed their password or Facebook has changed the session for security reasons.","type":"OAuthException","code":190,"error_subcode":460,"fbtrace_id":"AdEiks16CnjFf7I4C2dh45d"}}
2026-07-10 19:14:00,557 - INFO - Starting publishing process...
2026-07-10 19:14:00,557 - INFO - Publishing page: 158
2026-07-10 19:14:00,557 - INFO - Caption snippet: ورد القرآن اليومي، صفحة 158

'قال رسول الله ﷺ: «اق...
2026-07-10 19:14:01,215 - ERROR - HTTP Error: 400 - {"error":{"message":"Error validating access token: The session has been invalidated because the user changed their password or Facebook has changed the session for security reasons.","type":"OAuthException","code":190,"error_subcode":460,"fbtrace_id":"AD68FQDPkzja2HaYn6j3E_I"}}
2026-07-11 11:47:38,461 - INFO - Starting publishing process...
2026-07-11 11:47:38,462 - INFO - Publishing page: 158
2026-07-11 11:47:38,462 - INFO - Caption snippet: ورد القرآن اليومي، صفحة 158

'﴿كِتَابٌ أَنزَلْنَاه...
2026-07-11 11:47:38,718 - ERROR - HTTP Error: 400 - {"error":{"message":"Error validating access token: The session has been invalidated because the user changed their password or Facebook has changed the session for security reasons.","type":"OAuthException","code":190,"error_subcode":460,"fbtrace_id":"AafvIjlirSUpG-13Nfe77pg"}}
2026-07-11 18:43:16,543 - INFO - Starting publishing process...
2026-07-11 18:43:16,544 - INFO - Publishing page: 158
2026-07-11 18:43:16,544 - INFO - Caption snippet: ورد القرآن اليومي، صفحة 158

'اللهم ارزقنا فهم الق...
2026-07-11 18:43:17,332 - ERROR - HTTP Error: 400 - {"error":{"message":"Error validating access token: The session has been invalidated because the user changed their password or Facebook has changed the session for security reasons.","type":"OAuthException","code":190,"error_subcode":460,"fbtrace_id":"AYd5JHsAEu-wdFPiuMWs2XR"}}
2026-07-12 11:53:51,056 - INFO - Starting publishing process...
2026-07-12 11:53:51,056 - INFO - Publishing page: 158
2026-07-12 11:53:51,056 - INFO - Caption snippet: ورد القرآن اليومي، صفحة 158

'قال رسول الله ﷺ: «يق...
2026-07-12 11:53:51,561 - ERROR - HTTP Error: 400 - {"error":{"message":"Error validating access token: The session has been invalidated because the user changed their password or Facebook has changed the session for security reasons.","type":"OAuthException","code":190,"error_subcode":460,"fbtrace_id":"APsvGMcTBdZvuKaNOuBokpq"}}
2026-07-12 18:48:22,653 - INFO - Starting publishing process...
2026-07-12 18:48:22,654 - INFO - Publishing page: 158
2026-07-12 18:48:22,654 - INFO - Caption snippet: ورد القرآن اليومي، صفحة 158

'اللهم ألبسنا به الحل...
2026-07-12 18:48:22,935 - ERROR - HTTP Error: 400 - {"error":{"message":"Error validating access token: The session has been invalidated because the user changed their password or Facebook has changed the session for security reasons.","type":"OAuthException","code":190,"error_subcode":460,"fbtrace_id":"AauKhHXnyEzgePH2EohN481"}}
2026-07-13 13:15:08,700 - INFO - Starting publishing process...
2026-07-13 13:15:08,700 - INFO - Publishing page: 158
2026-07-13 13:15:08,700 - INFO - Caption snippet: ورد القرآن اليومي، صفحة 158

'اللهم اجعلنا من أهل ...
2026-07-13 13:15:09,144 - ERROR - HTTP Error: 400 - {"error":{"message":"Error validating access token: The session has been invalidated because the user changed their password or Facebook has changed the session for security reasons.","type":"OAuthException","code":190,"error_subcode":460,"fbtrace_id":"AdwUsZiVKFI-aXloNoF0szH"}}
2026-07-13 19:10:12,406 - INFO - Starting publishing process...
2026-07-13 19:10:12,406 - INFO - Publishing page: 158
2026-07-13 19:10:12,407 - INFO - Caption snippet: ورد القرآن اليومي، صفحة 158

'اللهم ألبسنا به الحل...
2026-07-13 19:10:13,172 - ERROR - HTTP Error: 400 - {"error":{"message":"Error validating access token: The session has been invalidated because the user changed their password or Facebook has changed the session for security reasons.","type":"OAuthException","code":190,"error_subcode":460,"fbtrace_id":"AmYzRY-3wXcuxeXfssBzenf"}}
2026-07-14 12:06:16,907 - INFO - Starting publishing process...
2026-07-14 12:06:16,907 - INFO - Publishing page: 158
2026-07-14 12:06:16,907 - INFO - Caption snippet: ورد القرآن اليومي، صفحة 158

'اللهم اجعلنا ممن يقي...
2026-07-14 12:06:17,247 - ERROR - HTTP Error: 400 - {"error":{"message":"Error validating access token: The session has been invalidated because the user changed their password or Facebook has changed the session for security reasons.","type":"OAuthException","code":190,"error_subcode":460,"fbtrace_id":"AzUL_8Z85u63AAOBBw3NBGb"}}
2026-07-14 19:00:18,132 - INFO - Starting publishing process...
2026-07-14 19:00:18,132 - INFO - Publishing page: 158
2026-07-14 19:00:18,132 - INFO - Caption snippet: ورد القرآن اليومي، صفحة 158

'قال خباب بن الأرت رض...
2026-07-14 19:00:18,520 - ERROR - HTTP Error: 400 - {"error":{"message":"Error validating access token: The session has been invalidated because the user changed their password or Facebook has changed the session for security reasons.","type":"OAuthException","code":190,"error_subcode":460,"fbtrace_id":"AZUb6e0AkPf_PMWfhSo1mR2"}}
2026-07-15 12:10:32,097 - INFO - Starting publishing process...
2026-07-15 12:10:32,097 - INFO - Publishing page: 158
2026-07-15 12:10:32,097 - INFO - Caption snippet: ورد القرآن اليومي، صفحة 158

'اللهم نور بالقرآن أب...
2026-07-15 12:10:32,393 - ERROR - HTTP Error: 400 - {"error":{"message":"Error validating access token: The session has been invalidated because the user changed their password or Facebook has changed the session for security reasons.","type":"OAuthException","code":190,"error_subcode":460,"fbtrace_id":"AhhYmv4yFWJryjwqLuxygfv"}}
2026-07-15 18:53:33,226 - INFO - Starting publishing process...
2026-07-15 18:53:33,226 - INFO - Publishing page: 158
2026-07-15 18:53:33,226 - INFO - Caption snippet: ورد القرآن اليومي، صفحة 158

'قال رسول الله ﷺ: «ال...
2026-07-15 18:53:34,083 - ERROR - HTTP Error: 400 - {"error":{"message":"Error validating access token: The session has been invalidated because the user changed their password or Facebook has changed the session for security reasons.","type":"OAuthException","code":190,"error_subcode":460,"fbtrace_id":"AuC7iCL8EHFFxvFk8wjhPwY"}}
2026-07-16 12:16:17,548 - INFO - Starting publishing process...
2026-07-16 12:16:17,548 - INFO - Publishing page: 158
2026-07-16 12:16:17,548 - INFO - Caption snippet: ورد القرآن اليومي، صفحة 158

'قال عثمان بن عفان رض...
2026-07-16 12:16:17,984 - ERROR - HTTP Error: 400 - {"error":{"message":"Error validating access token: The session has been invalidated because the user changed their password or Facebook has changed the session for security reasons.","type":"OAuthException","code":190,"error_subcode":460,"fbtrace_id":"ArCls0fGgq9WZurVQpu1pD9"}}
2026-07-16 18:54:10,446 - INFO - Starting publishing process...
2026-07-16 18:54:10,446 - INFO - Publishing page: 158
2026-07-16 18:54:10,446 - INFO - Caption snippet: ورد القرآن اليومي، صفحة 158

'﴿كِتَابٌ أَنزَلْنَاه...
2026-07-16 18:54:10,836 - ERROR - HTTP Error: 400 - {"error":{"message":"Error validating access token: The session has been invalidated because the user changed their password or Facebook has changed the session for security reasons.","type":"OAuthException","code":190,"error_subcode":460,"fbtrace_id":"AZbOG9NaLjeIzjVkWzhKIi8"}}
